{"stats":{"minecraft:used":{"minecraft:stone_sword":38,"minecraft:acacia_log":1,"minecraft:stone_shovel":21,"minecraft:chest":5,"minecraft:shield":41,"minecraft:iron_sword":327,"minecraft:cooked_chicken":1,"minecraft:torch":19,"minecraft:dirt":24,"orcz:palisadedarkoak":1,"minecraft:furnace":1,"tombstone:gift":8,"alexsmobs:boiled_emu_egg":8,"minecraft:cooked_mutton":1,"minecraft:stone_pickaxe":260,"minecraft:wooden_pickaxe":8,"minecraft:sandstone":10,"minecraft:sand":52,"minecraft:crafting_table":1,"minecraft:red_bed":1,"minecraft:brown_banner":2,"minecraft:diamond_pickaxe":2,"minecraft:bread":48,"minecraft:iron_pickaxe":20,"tombstone:grave_key":11,"minecraft:stone_axe":102,"minecraft:cobblestone":33,"minecraft:cooked_porkchop":11,"minecraft:oak_boat":1,"alexsmobs:animal_dictionary":1},"minecraft:picked_up":{"minecraft:wooden_axe":1,"minecraft:crafting_table":1,"minecraft:coarse_dirt":2,"minecraft:leather_leggings":1,"minecraft:gold_block":1,"tombstone:grave_key":1,"minecraft:shield":1,"alexsmobs:gazelle_horn":1,"minecraft:string":4,"minecraft:red_bed":1,"minecraft:raw_copper":12,"ancient_elements:meteorite_block":3,"alexsmobs:emu_feather":4,"minecraft:beef":3,"minecraft:oak_boat":3,"minecraft:iron_nugget":7,"minecraft:stick":9,"minecraft:raw_iron":4,"minecraft:sandstone":23,"grimoireofgaia:meat":2,"minecraft:torch":1,"minecraft:acacia_log":26,"minecraft:spruce_fence":3,"minecraft:porkchop":7,"ancient_elements:raw_tin":2,"orcz:orchorn":1,"minecraft:cherry_log":2,"tombstone:grave_dust":1,"born_in_chaos_v1:pieceofdarkmetal":2,"orcz:palisadedarkoak":7,"minecraft:redstone":4,"minecraft:stone_sword":2,"minecraft:rotten_flesh":45,"minecraft:stone_shovel":3,"minecraft:hay_block":2,"minecraft:red_tulip":1,"minecraft:yellow_terracotta":2,"alexsmobs:emu_egg":10,"minecraft:skeleton_skull":1,"minecraft:iron_bars":7,"minecraft:cobblestone":129,"alexsmobs:kangaroo_meat":3,"born_in_chaos_v1:fused_bone":1,"minecraft:birch_log":6,"born_in_chaos_v1:corpse_maggot":3,"minecraft:magma_block":1,"minecraft:feather":4,"orcz:orcteeth":16,"minecraft:andesite":10,"minecraft:leather":2,"alexsmobs:acacia_blossom":3,"ancient_elements:raw_lead":12,"minecraft:stripped_spruce_wood":2,"minecraft:oak_log":26,"orcz:orcsymbolred":1,"minecraft:lapis_lazuli":47,"minecraft:dirt":29,"minecraft:cooked_mutton":1,"minecraft:bone":6,"minecraft:wheat_seeds":10,"minecraft:stone_pickaxe":2,"minecraft:iron_ingot":4,"minecraft:iron_sword":1,"minecraft:oak_planks":34,"minecraft:acacia_sapling":4,"minecraft:cooked_porkchop":5,"minecraft:gravel":3,"minecraft:sand":38,"orcz:orcamanita":2,"minecraft:acacia_stairs":3,"minecraft:diamond_block":1,"minecraft:spider_eye":2,"alexsmobs:kangaroo_hide":3,"magistuarmory:corruptedroundshield":2,"minecraft:bone_meal":1,"minecraft:bread":10,"orcz:orceye":1,"minecraft:oak_sapling":3,"minecraft:brown_banner":2,"minecraft:netherrack":1,"minecraft:coal":61,"minecraft:diamond_pickaxe":1},"minecraft:mined":{"minecraft:yellow_terracotta":2,"orcz:orcamanita":2,"orcz:orcsymbolred":1,"orcz:palisadedarkoak":7,"minecraft:dark_oak_fence":2,"minecraft:acacia_log":26,"minecraft:grass_block":18,"minecraft:spruce_fence":1,"ancient_elements:meteorite_block":3,"minecraft:sandstone":33,"minecraft:hay_block":5,"minecraft:magma_block":1,"minecraft:iron_ore":4,"minecraft:fire":3,"minecraft:acacia_stairs":2,"minecraft:andesite":13,"ancient_elements:tin_ore":2,"minecraft:stone":127,"minecraft:acacia_leaves":27,"minecraft:glass_pane":3,"minecraft:red_bed":2,"minecraft:crafting_table":1,"minecraft:torch":1,"minecraft:campfire":1,"minecraft:tall_grass":10,"minecraft:copper_ore":4,"minecraft:cobblestone":3,"minecraft:lapis_ore":6,"minecraft:oak_planks":2,"minecraft:diorite":2,"minecraft:skeleton_skull":1,"minecraft:coarse_dirt":1,"minecraft:stripped_spruce_wood":3,"minecraft:brown_wall_banner":2,"minecraft:grass":32,"minecraft:oak_log":25,"minecraft:coal_ore":69,"minecraft:sand":36,"minecraft:dirt":8,"minecraft:cobweb":2,"minecraft:netherrack":2,"minecraft:oak_leaves":12},"minecraft:custom":{"minecraft:mob_kills":33,"minecraft:interact_with_crafting_table":20,"minecraft:open_barrel":7,"minecraft:bell_ring":19,"minecraft:damage_dealt_resisted":478,"minecraft:leave_game":5,"minecraft:time_since_death":65005,"minecraft:climb_one_cm":1612,"minecraft:sprint_one_cm":582822,"minecraft:walk_one_cm":434384,"minecraft:damage_blocked_by_shield":1050,"minecraft:drop":24,"minecraft:talked_to_villager":4,"minecraft:play_time":277659,"minecraft:deaths":7,"minecraft:sneak_time":1191,"minecraft:walk_under_water_one_cm":3323,"minecraft:boat_one_cm":33743,"minecraft:jump":5306,"minecraft:walk_on_water_one_cm":41360,"minecraft:total_world_time":277659,"minecraft:interact_with_furnace":11,"minecraft:sleep_in_bed":13,"minecraft:time_since_rest":11000,"minecraft:damage_taken":4798,"minecraft:damage_dealt":7333,"minecraft:swim_one_cm":40198,"minecraft:fly_one_cm":1243567,"minecraft:open_chest":65,"minecraft:crouch_one_cm":1071,"tombstone:undead_killed":4,"minecraft:fall_one_cm":163272},"minecraft:dropped":{"minecraft:iron_sword":1,"minecraft:cherry_log":1,"minecraft:feather":1,"minecraft:cobblestone":2,"ancient_elements:raw_lead":8,"born_in_chaos_v1:monster_flesh":1,"minecraft:dirt":1,"tombstone:grave_key":1,"minecraft:sand":2,"minecraft:birch_log":4,"minecraft:white_wool":4,"minecraft:redstone":2,"minecraft:coarse_dirt":2,"minecraft:stone_sword":1,"minecraft:rotten_flesh":23,"minecraft:oak_planks":2,"alexsmobs:emu_egg":1,"minecraft:iron_bars":5},"minecraft:killed":{"born_in_chaos_v1:mr_pumpkin":1,"born_in_chaos_v1:zombie_lumberjack":1,"alexsmobs:leafcutter_ant":1,"born_in_chaos_v1:corpse_fish":3,"orcz:orcsavagemace":1,"alexsmobs:kangaroo":2,"grimoireofgaia:cyan_flower":1,"minecraft:pig":3,"orcz:goblinsavagemace":2,"alexsmobs:seal":1,"born_in_chaos_v1:decrepit_skeleton":2,"alexsmobs:emu":4,"minecraft:zombie":1,"born_in_chaos_v1:dread_hound":1,"alexsmobs:gazelle":2,"grimoireofgaia:harpy":2,"orcz:bigorcboss":1,"grimoireofgaia:arachne":1,"orcz:orcshield":2,"minecraft:cow":1},"minecraft:crafted":{"minecraft:oak_planks":136,"minecraft:cooked_chicken":1,"minecraft:furnace":1,"minecraft:stone_pickaxe":3,"minecraft:chest":5,"minecraft:golden_helmet":1,"minecraft:wheat":18,"minecraft:cooked_beef":3,"minecraft:cooked_porkchop":7,"minecraft:wooden_pickaxe":1,"alexsmobs:cooked_kangaroo_meat":1,"alexsmobs:boiled_emu_egg":8,"minecraft:birch_planks":8,"minecraft:stone_axe":1,"minecraft:shield":1,"minecraft:stick":20,"minecraft:iron_ingot":6,"minecraft:iron_pickaxe":1,"minecraft:stone_sword":1,"minecraft:gold_ingot":9,"alexsmobs:emu_leggings":1,"minecraft:torch":56},"minecraft:broken":{"minecraft:stone_pickaxe":1,"minecraft:shield":2},"minecraft:killed_by":{"grimoireofgaia:orc":2,"born_in_chaos_v1:mr_pumpkin":1,"grimoireofgaia:cecaelia":1,"minecraft:zombie":1,"alexsmobs:kangaroo":1}},"DataVersion":3465}