{"stats":{"minecraft:used":{"minecraft:cooked_mutton":1,"minecraft:stone_sword":38,"minecraft:bread":1,"minecraft:stone_pickaxe":253,"minecraft:wooden_pickaxe":8,"minecraft:sandstone":10,"tombstone:grave_key":9,"minecraft:cooked_chicken":1,"minecraft:stone_axe":20,"minecraft:torch":3,"minecraft:dirt":3,"minecraft:cobblestone":32,"minecraft:cooked_porkchop":5,"minecraft:oak_boat":1,"tombstone:gift":2,"alexsmobs:animal_dictionary":1},"minecraft:dropped":{"minecraft:stone_sword":1,"tombstone:grave_key":1,"minecraft:white_wool":4},"minecraft:killed_by":{"grimoireofgaia:cecaelia":1,"grimoireofgaia:orc":2,"minecraft:zombie":1},"minecraft:broken":{"minecraft:stone_pickaxe":1},"minecraft:custom":{"minecraft:time_since_rest":317,"minecraft:interact_with_furnace":2,"minecraft:sprint_one_cm":96269,"minecraft:damage_taken":1670,"minecraft:walk_one_cm":100284,"minecraft:mob_kills":2,"minecraft:drop":4,"minecraft:damage_dealt":1051,"minecraft:interact_with_crafting_table":5,"minecraft:swim_one_cm":5566,"minecraft:fly_one_cm":135042,"minecraft:open_chest":7,"minecraft:play_time":64912,"minecraft:deaths":4,"minecraft:walk_under_water_one_cm":1063,"minecraft:boat_one_cm":33743,"minecraft:jump":772,"minecraft:walk_on_water_one_cm":23023,"minecraft:time_since_death":670,"minecraft:sleep_in_bed":2,"minecraft:total_world_time":64912,"minecraft:fall_one_cm":14195},"minecraft:mined":{"minecraft:yellow_terracotta":2,"minecraft:glass_pane":2,"minecraft:red_bed":1,"minecraft:andesite":13,"minecraft:torch":1,"minecraft:crafting_table":1,"minecraft:grass":2,"minecraft:oak_log":25,"minecraft:coal_ore":62,"minecraft:sand":23,"minecraft:dirt":4,"minecraft:tall_grass":1,"minecraft:lapis_ore":6,"minecraft:copper_ore":4,"minecraft:cobblestone":3,"minecraft:stone":126,"minecraft:sandstone":33,"minecraft:oak_leaves":11},"minecraft:crafted":{"minecraft:oak_planks":92,"minecraft:stick":20,"minecraft:wooden_pickaxe":1,"minecraft:cooked_chicken":1,"minecraft:stone_pickaxe":3,"minecraft:stone_sword":1,"minecraft:torch":56,"minecraft:stone_axe":1},"minecraft:picked_up":{"minecraft:stick":5,"minecraft:crafting_table":1,"minecraft:sandstone":23,"minecraft:feather":1,"minecraft:cooked_porkchop":5,"minecraft:andesite":10,"minecraft:torch":1,"minecraft:sand":24,"minecraft:oak_log":25,"tombstone:grave_key":1,"minecraft:lapis_lazuli":47,"minecraft:dirt":3,"minecraft:raw_copper":12,"minecraft:cooked_mutton":1,"minecraft:stone_sword":1,"minecraft:stone_shovel":1,"minecraft:wheat_seeds":3,"minecraft:yellow_terracotta":2,"minecraft:red_tulip":1,"minecraft:oak_boat":2,"minecraft:oak_sapling":3,"minecraft:coal":61,"minecraft:cobblestone":127},"minecraft:killed":{"grimoireofgaia:cyan_flower":1,"born_in_chaos_v1:dread_hound":1}},"DataVersion":3465}