{"stats":{"minecraft:used":{"alexsmobs:animal_dictionary":1},"minecraft:killed_by":{"grimoireofgaia:cecaelia":1},"minecraft:custom":{"minecraft:jump":76,"minecraft:time_since_rest":77,"minecraft:deaths":1,"minecraft:damage_taken":300,"minecraft:walk_on_water_one_cm":14684,"minecraft:sprint_one_cm":4391,"minecraft:play_time":4912,"minecraft:time_since_death":0,"minecraft:walk_one_cm":2226,"minecraft:total_world_time":4912,"minecraft:walk_under_water_one_cm":551,"minecraft:swim_one_cm":1754,"minecraft:fall_one_cm":1913,"minecraft:fly_one_cm":19873},"minecraft:mined":{"minecraft:oak_log":2},"minecraft:picked_up":{"minecraft:oak_log":2}},"DataVersion":3465}