{"stats":{"minecraft:crafted":{"minecraft:oak_planks":132,"minecraft:cooked_porkchop":7,"minecraft:wooden_pickaxe":1,"minecraft:cooked_chicken":1,"minecraft:furnace":1,"minecraft:stone_axe":1,"minecraft:stick":20,"minecraft:iron_pickaxe":1,"minecraft:stone_pickaxe":3,"minecraft:stone_sword":1,"minecraft:chest":1,"minecraft:torch":56},"minecraft:killed":{"grimoireofgaia:cyan_flower":1,"minecraft:pig":3,"alexsmobs:emu":4,"born_in_chaos_v1:dread_hound":1,"alexsmobs:gazelle":1,"alexsmobs:kangaroo":1},"minecraft:picked_up":{"minecraft:crafting_table":1,"minecraft:magma_block":1,"minecraft:feather":2,"minecraft:andesite":10,"alexsmobs:acacia_blossom":3,"minecraft:oak_log":25,"tombstone:grave_key":1,"minecraft:dirt":24,"minecraft:lapis_lazuli":47,"minecraft:red_bed":1,"minecraft:raw_copper":12,"minecraft:cooked_mutton":1,"minecraft:bone":2,"ancient_elements:meteorite_block":3,"alexsmobs:emu_feather":4,"minecraft:wheat_seeds":7,"minecraft:iron_ingot":3,"minecraft:oak_boat":2,"minecraft:iron_nugget":6,"minecraft:acacia_sapling":4,"minecraft:stick":9,"minecraft:sandstone":23,"grimoireofgaia:meat":2,"minecraft:cooked_porkchop":5,"minecraft:torch":1,"minecraft:acacia_log":26,"minecraft:porkchop":7,"minecraft:sand":24,"ancient_elements:raw_tin":2,"orcz:orcamanita":1,"alexsmobs:kangaroo_hide":2,"minecraft:stone_sword":1,"minecraft:rotten_flesh":1,"minecraft:stone_shovel":1,"minecraft:red_tulip":1,"minecraft:yellow_terracotta":2,"alexsmobs:emu_egg":7,"minecraft:bread":10,"minecraft:oak_sapling":3,"minecraft:brown_banner":2,"minecraft:netherrack":1,"minecraft:coal":61,"alexsmobs:kangaroo_meat":1,"minecraft:cobblestone":128,"minecraft:diamond_pickaxe":1},"minecraft:used":{"minecraft:cooked_mutton":1,"minecraft:stone_sword":38,"minecraft:acacia_log":1,"minecraft:stone_pickaxe":260,"minecraft:stone_shovel":21,"minecraft:chest":1,"minecraft:wooden_pickaxe":8,"minecraft:sandstone":10,"minecraft:iron_sword":48,"minecraft:cooked_chicken":1,"minecraft:torch":7,"minecraft:dirt":13,"minecraft:crafting_table":1,"minecraft:red_bed":1,"minecraft:brown_banner":2,"minecraft:diamond_pickaxe":2,"minecraft:bread":23,"minecraft:iron_pickaxe":4,"tombstone:grave_key":9,"minecraft:stone_axe":77,"minecraft:cobblestone":33,"minecraft:furnace":1,"minecraft:cooked_porkchop":5,"tombstone:gift":6,"alexsmobs:animal_dictionary":1,"minecraft:oak_boat":1},"minecraft:killed_by":{"grimoireofgaia:cecaelia":1,"grimoireofgaia:orc":2,"minecraft:zombie":1},"minecraft:custom":{"minecraft:interact_with_furnace":5,"minecraft:mob_kills":11,"minecraft:interact_with_crafting_table":13,"minecraft:leave_game":3,"minecraft:time_since_death":5271,"minecraft:sleep_in_bed":7,"minecraft:climb_one_cm":1612,"minecraft:time_since_rest":4970,"minecraft:sprint_one_cm":304409,"minecraft:damage_taken":2685,"minecraft:walk_one_cm":219944,"minecraft:drop":6,"minecraft:damage_dealt":2311,"minecraft:swim_one_cm":13167,"minecraft:fly_one_cm":512588,"minecraft:open_chest":26,"minecraft:crouch_one_cm":1071,"minecraft:play_time":142362,"minecraft:deaths":5,"minecraft:sneak_time":1185,"minecraft:walk_under_water_one_cm":2184,"minecraft:boat_one_cm":33743,"minecraft:jump":2275,"minecraft:walk_on_water_one_cm":27152,"minecraft:total_world_time":142362,"minecraft:fall_one_cm":62448},"minecraft:mined":{"minecraft:yellow_terracotta":2,"minecraft:acacia_leaves":27,"orcz:orcamanita":1,"minecraft:glass_pane":3,"minecraft:red_bed":2,"minecraft:crafting_table":1,"minecraft:torch":1,"minecraft:acacia_log":26,"minecraft:grass_block":18,"minecraft:campfire":1,"ancient_elements:meteorite_block":3,"minecraft:tall_grass":4,"minecraft:copper_ore":4,"minecraft:cobblestone":3,"minecraft:lapis_ore":6,"minecraft:sandstone":33,"minecraft:magma_block":1,"minecraft:fire":3,"minecraft:brown_wall_banner":2,"minecraft:andesite":13,"ancient_elements:tin_ore":2,"minecraft:grass":17,"minecraft:oak_log":25,"minecraft:coal_ore":62,"minecraft:sand":23,"minecraft:dirt":7,"minecraft:stone":126,"minecraft:netherrack":2,"minecraft:oak_leaves":11},"minecraft:broken":{"minecraft:stone_pickaxe":1},"minecraft:dropped":{"minecraft:stone_sword":1,"minecraft:cobblestone":1,"born_in_chaos_v1:monster_flesh":1,"tombstone:grave_key":1,"minecraft:white_wool":4}},"DataVersion":3465}