{"stats":{"minecraft:crafted":{"minecraft:oak_planks":132,"minecraft:wooden_pickaxe":1,"minecraft:cooked_chicken":1,"minecraft:stone_axe":1,"minecraft:stick":20,"minecraft:stone_pickaxe":3,"minecraft:stone_sword":1,"minecraft:chest":1,"minecraft:torch":56},"minecraft:killed":{"grimoireofgaia:cyan_flower":1,"minecraft:pig":3,"alexsmobs:emu":4,"born_in_chaos_v1:dread_hound":1},"minecraft:picked_up":{"minecraft:magma_block":1,"minecraft:crafting_table":1,"minecraft:feather":2,"minecraft:andesite":10,"alexsmobs:acacia_blossom":3,"minecraft:oak_log":25,"tombstone:grave_key":1,"minecraft:red_bed":1,"minecraft:lapis_lazuli":47,"minecraft:dirt":24,"minecraft:raw_copper":12,"minecraft:cooked_mutton":1,"ancient_elements:meteorite_block":1,"alexsmobs:emu_feather":4,"minecraft:wheat_seeds":6,"minecraft:oak_boat":2,"minecraft:iron_nugget":5,"minecraft:acacia_sapling":4,"minecraft:stick":9,"minecraft:sandstone":23,"grimoireofgaia:meat":2,"minecraft:cooked_porkchop":5,"minecraft:torch":1,"minecraft:acacia_log":26,"minecraft:porkchop":7,"minecraft:sand":24,"ancient_elements:raw_tin":2,"orcz:orcamanita":1,"minecraft:stone_sword":1,"minecraft:stone_shovel":1,"minecraft:red_tulip":1,"minecraft:yellow_terracotta":2,"alexsmobs:emu_egg":7,"minecraft:bread":10,"minecraft:oak_sapling":3,"minecraft:brown_banner":2,"minecraft:netherrack":1,"minecraft:coal":61,"minecraft:cobblestone":128},"minecraft:used":{"minecraft:cooked_mutton":1,"minecraft:stone_sword":38,"minecraft:acacia_log":1,"minecraft:stone_shovel":21,"minecraft:stone_pickaxe":260,"minecraft:chest":1,"minecraft:wooden_pickaxe":8,"minecraft:sandstone":10,"minecraft:iron_sword":36,"minecraft:cooked_chicken":1,"minecraft:torch":7,"minecraft:dirt":13,"minecraft:crafting_table":1,"minecraft:red_bed":1,"minecraft:brown_banner":2,"minecraft:bread":16,"tombstone:grave_key":9,"minecraft:stone_axe":77,"minecraft:cobblestone":33,"minecraft:cooked_porkchop":5,"tombstone:gift":4,"alexsmobs:animal_dictionary":1,"minecraft:oak_boat":1},"minecraft:killed_by":{"grimoireofgaia:cecaelia":1,"grimoireofgaia:orc":2,"minecraft:zombie":1},"minecraft:custom":{"minecraft:interact_with_furnace":2,"minecraft:mob_kills":9,"minecraft:interact_with_crafting_table":9,"minecraft:leave_game":1,"minecraft:time_since_death":56613,"minecraft:sleep_in_bed":6,"minecraft:climb_one_cm":1080,"minecraft:time_since_rest":7807,"minecraft:sprint_one_cm":243176,"minecraft:damage_taken":2305,"minecraft:walk_one_cm":193411,"minecraft:drop":6,"minecraft:damage_dealt":2001,"minecraft:swim_one_cm":13167,"minecraft:fly_one_cm":404120,"minecraft:open_chest":18,"minecraft:crouch_one_cm":1071,"minecraft:play_time":120855,"minecraft:deaths":4,"minecraft:sneak_time":1185,"minecraft:walk_under_water_one_cm":2076,"minecraft:boat_one_cm":33743,"minecraft:jump":1833,"minecraft:walk_on_water_one_cm":26878,"minecraft:total_world_time":120855,"minecraft:fall_one_cm":45986},"minecraft:mined":{"minecraft:yellow_terracotta":2,"minecraft:acacia_leaves":27,"orcz:orcamanita":1,"minecraft:glass_pane":3,"minecraft:red_bed":2,"minecraft:crafting_table":1,"minecraft:torch":1,"minecraft:acacia_log":26,"minecraft:grass_block":18,"minecraft:campfire":1,"ancient_elements:meteorite_block":1,"minecraft:tall_grass":4,"minecraft:copper_ore":4,"minecraft:cobblestone":3,"minecraft:lapis_ore":6,"minecraft:sandstone":33,"minecraft:magma_block":1,"minecraft:fire":1,"minecraft:brown_wall_banner":2,"minecraft:andesite":13,"ancient_elements:tin_ore":2,"minecraft:grass":14,"minecraft:oak_log":25,"minecraft:coal_ore":62,"minecraft:dirt":7,"minecraft:sand":23,"minecraft:stone":126,"minecraft:netherrack":1,"minecraft:oak_leaves":11},"minecraft:broken":{"minecraft:stone_pickaxe":1},"minecraft:dropped":{"minecraft:stone_sword":1,"minecraft:cobblestone":1,"born_in_chaos_v1:monster_flesh":1,"tombstone:grave_key":1,"minecraft:white_wool":4}},"DataVersion":3465}