{"stats":{"minecraft:used":{"minecraft:cooked_mutton":1,"minecraft:stone_sword":38,"minecraft:stone_pickaxe":253,"minecraft:chest":1,"minecraft:wooden_pickaxe":8,"minecraft:sandstone":10,"minecraft:iron_sword":19,"minecraft:cooked_chicken":1,"minecraft:torch":7,"minecraft:dirt":3,"minecraft:crafting_table":1,"minecraft:red_bed":1,"minecraft:bread":9,"tombstone:grave_key":9,"minecraft:stone_axe":22,"minecraft:cobblestone":33,"minecraft:cooked_porkchop":5,"tombstone:gift":4,"alexsmobs:animal_dictionary":1,"minecraft:oak_boat":1},"minecraft:dropped":{"minecraft:stone_sword":1,"minecraft:cobblestone":1,"born_in_chaos_v1:monster_flesh":1,"tombstone:grave_key":1,"minecraft:white_wool":4},"minecraft:killed_by":{"grimoireofgaia:cecaelia":1,"grimoireofgaia:orc":2,"minecraft:zombie":1},"minecraft:broken":{"minecraft:stone_pickaxe":1},"minecraft:custom":{"minecraft:interact_with_furnace":2,"minecraft:mob_kills":5,"minecraft:interact_with_crafting_table":7,"minecraft:leave_game":1,"minecraft:time_since_death":27234,"minecraft:sleep_in_bed":4,"minecraft:climb_one_cm":532,"minecraft:time_since_rest":5784,"minecraft:sprint_one_cm":157869,"minecraft:damage_taken":2105,"minecraft:walk_one_cm":153432,"minecraft:drop":6,"minecraft:damage_dealt":1581,"minecraft:swim_one_cm":7933,"minecraft:fly_one_cm":270923,"minecraft:open_chest":15,"minecraft:play_time":91476,"minecraft:deaths":4,"minecraft:walk_under_water_one_cm":1677,"minecraft:boat_one_cm":33743,"minecraft:jump":1275,"minecraft:walk_on_water_one_cm":24856,"minecraft:total_world_time":91476,"minecraft:fall_one_cm":29774},"minecraft:mined":{"minecraft:yellow_terracotta":2,"minecraft:glass_pane":3,"minecraft:red_bed":2,"minecraft:crafting_table":1,"minecraft:torch":1,"minecraft:copper_ore":4,"minecraft:tall_grass":3,"minecraft:cobblestone":3,"minecraft:lapis_ore":6,"minecraft:sandstone":33,"minecraft:andesite":13,"minecraft:grass":6,"minecraft:coal_ore":62,"minecraft:oak_log":25,"minecraft:dirt":4,"minecraft:sand":23,"minecraft:stone":126,"minecraft:oak_leaves":11},"minecraft:crafted":{"minecraft:oak_planks":132,"minecraft:wooden_pickaxe":1,"minecraft:cooked_chicken":1,"minecraft:stone_axe":1,"minecraft:stick":20,"minecraft:stone_pickaxe":3,"minecraft:stone_sword":1,"minecraft:chest":1,"minecraft:torch":56},"minecraft:picked_up":{"minecraft:crafting_table":1,"minecraft:feather":2,"minecraft:andesite":10,"alexsmobs:acacia_blossom":2,"minecraft:oak_log":25,"tombstone:grave_key":1,"minecraft:red_bed":1,"minecraft:lapis_lazuli":47,"minecraft:dirt":3,"minecraft:raw_copper":12,"minecraft:cooked_mutton":1,"alexsmobs:emu_feather":3,"minecraft:wheat_seeds":4,"minecraft:oak_boat":2,"minecraft:iron_nugget":1,"minecraft:acacia_sapling":2,"minecraft:stick":5,"minecraft:sandstone":23,"minecraft:cooked_porkchop":5,"minecraft:torch":1,"minecraft:sand":24,"minecraft:stone_sword":1,"minecraft:stone_shovel":1,"minecraft:red_tulip":1,"minecraft:yellow_terracotta":2,"alexsmobs:emu_egg":5,"minecraft:bread":10,"minecraft:oak_sapling":3,"minecraft:coal":61,"minecraft:cobblestone":128},"minecraft:killed":{"grimoireofgaia:cyan_flower":1,"alexsmobs:emu":3,"born_in_chaos_v1:dread_hound":1}},"DataVersion":3465}