{"stats":{"minecraft:used":{"minecraft:stone_sword":15,"minecraft:stone_pickaxe":175,"minecraft:wooden_pickaxe":8,"tombstone:grave_key":4,"minecraft:cooked_chicken":1,"minecraft:stone_axe":19,"minecraft:torch":1,"minecraft:dirt":3,"minecraft:cobblestone":22,"minecraft:cooked_porkchop":2,"tombstone:gift":2,"alexsmobs:animal_dictionary":1},"minecraft:dropped":{"minecraft:stone_sword":1},"minecraft:killed_by":{"grimoireofgaia:cecaelia":1,"minecraft:zombie":1},"minecraft:broken":{"minecraft:stone_pickaxe":1},"minecraft:custom":{"minecraft:time_since_rest":15151,"minecraft:interact_with_furnace":2,"minecraft:sprint_one_cm":48896,"minecraft:damage_taken":750,"minecraft:walk_one_cm":74065,"minecraft:mob_kills":1,"minecraft:drop":1,"minecraft:damage_dealt":485,"minecraft:interact_with_crafting_table":5,"minecraft:swim_one_cm":1754,"minecraft:fly_one_cm":50116,"minecraft:open_chest":5,"minecraft:play_time":40912,"minecraft:deaths":2,"minecraft:walk_under_water_one_cm":551,"minecraft:jump":391,"minecraft:walk_on_water_one_cm":14684,"minecraft:time_since_death":15749,"minecraft:total_world_time":40912,"minecraft:fall_one_cm":5861},"minecraft:mined":{"minecraft:crafting_table":1,"minecraft:grass":1,"minecraft:oak_log":25,"minecraft:coal_ore":60,"minecraft:dirt":4,"minecraft:copper_ore":4,"minecraft:cobblestone":3,"minecraft:stone":114,"minecraft:oak_leaves":11},"minecraft:crafted":{"minecraft:oak_planks":92,"minecraft:stick":20,"minecraft:wooden_pickaxe":1,"minecraft:cooked_chicken":1,"minecraft:stone_pickaxe":3,"minecraft:stone_sword":1,"minecraft:torch":56,"minecraft:stone_axe":1},"minecraft:picked_up":{"minecraft:stick":5,"minecraft:crafting_table":1,"minecraft:feather":1,"minecraft:cooked_porkchop":5,"minecraft:oak_log":25,"minecraft:dirt":3,"minecraft:raw_copper":12,"minecraft:stone_sword":1,"minecraft:red_tulip":1,"minecraft:oak_sapling":3,"minecraft:coal":60,"minecraft:cobblestone":116},"minecraft:killed":{"grimoireofgaia:cyan_flower":1}},"DataVersion":3465}