{"stats":{"minecraft:used":{"minecraft:stone_sword":6,"minecraft:stone_pickaxe":102,"minecraft:wooden_pickaxe":8,"tombstone:grave_key":4,"minecraft:cooked_chicken":1,"minecraft:stone_axe":17,"minecraft:dirt":3,"minecraft:cobblestone":14,"tombstone:gift":2,"alexsmobs:animal_dictionary":1},"minecraft:killed_by":{"grimoireofgaia:cecaelia":1,"minecraft:zombie":1},"minecraft:custom":{"minecraft:time_since_rest":3151,"minecraft:interact_with_furnace":1,"minecraft:sprint_one_cm":33982,"minecraft:damage_taken":570,"minecraft:walk_one_cm":44495,"minecraft:damage_dealt":97,"minecraft:interact_with_crafting_table":4,"minecraft:swim_one_cm":1754,"minecraft:fly_one_cm":38620,"minecraft:open_chest":2,"minecraft:play_time":28912,"minecraft:deaths":2,"minecraft:walk_under_water_one_cm":551,"minecraft:jump":268,"minecraft:walk_on_water_one_cm":14684,"minecraft:time_since_death":3749,"minecraft:total_world_time":28912,"minecraft:fall_one_cm":4185},"minecraft:mined":{"minecraft:grass":1,"minecraft:oak_log":25,"minecraft:coal_ore":23,"minecraft:dirt":4,"minecraft:copper_ore":4,"minecraft:cobblestone":1,"minecraft:stone":80,"minecraft:oak_leaves":11},"minecraft:crafted":{"minecraft:oak_planks":92,"minecraft:stick":20,"minecraft:wooden_pickaxe":1,"minecraft:cooked_chicken":1,"minecraft:stone_pickaxe":1,"minecraft:stone_sword":1,"minecraft:torch":4,"minecraft:stone_axe":1},"minecraft:picked_up":{"minecraft:stick":5,"minecraft:feather":1,"minecraft:oak_log":25,"minecraft:dirt":3,"minecraft:raw_copper":12,"minecraft:oak_sapling":3,"minecraft:coal":23,"minecraft:cobblestone":79}},"DataVersion":3465}