{"stats":{"minecraft:used":{"minecraft:cooked_mutton":1,"minecraft:stone_sword":18,"minecraft:stone_pickaxe":249,"minecraft:wooden_pickaxe":8,"minecraft:sandstone":10,"tombstone:grave_key":4,"minecraft:cooked_chicken":1,"minecraft:stone_axe":20,"minecraft:torch":3,"minecraft:dirt":3,"minecraft:cobblestone":22,"minecraft:cooked_porkchop":3,"minecraft:oak_boat":1,"tombstone:gift":2,"alexsmobs:animal_dictionary":1},"minecraft:dropped":{"minecraft:stone_sword":1,"minecraft:white_wool":4},"minecraft:killed_by":{"grimoireofgaia:cecaelia":1,"minecraft:zombie":1},"minecraft:broken":{"minecraft:stone_pickaxe":1},"minecraft:custom":{"minecraft:time_since_rest":9795,"minecraft:interact_with_furnace":2,"minecraft:sprint_one_cm":67917,"minecraft:damage_taken":1020,"minecraft:walk_one_cm":83571,"minecraft:mob_kills":1,"minecraft:drop":3,"minecraft:damage_dealt":535,"minecraft:interact_with_crafting_table":5,"minecraft:swim_one_cm":1754,"minecraft:fly_one_cm":99810,"minecraft:open_chest":5,"minecraft:play_time":52912,"minecraft:deaths":2,"minecraft:walk_under_water_one_cm":551,"minecraft:boat_one_cm":33743,"minecraft:jump":617,"minecraft:walk_on_water_one_cm":14684,"minecraft:time_since_death":27749,"minecraft:sleep_in_bed":1,"minecraft:total_world_time":52912,"minecraft:fall_one_cm":11653},"minecraft:mined":{"minecraft:red_bed":1,"minecraft:andesite":13,"minecraft:torch":1,"minecraft:crafting_table":1,"minecraft:grass":1,"minecraft:oak_log":25,"minecraft:coal_ore":62,"minecraft:sand":23,"minecraft:dirt":4,"minecraft:lapis_ore":6,"minecraft:copper_ore":4,"minecraft:cobblestone":3,"minecraft:stone":126,"minecraft:sandstone":33,"minecraft:oak_leaves":11},"minecraft:crafted":{"minecraft:oak_planks":92,"minecraft:stick":20,"minecraft:wooden_pickaxe":1,"minecraft:cooked_chicken":1,"minecraft:stone_pickaxe":3,"minecraft:stone_sword":1,"minecraft:torch":56,"minecraft:stone_axe":1},"minecraft:picked_up":{"minecraft:stick":5,"minecraft:crafting_table":1,"minecraft:sandstone":23,"minecraft:feather":1,"minecraft:cooked_porkchop":5,"minecraft:andesite":10,"minecraft:torch":1,"minecraft:sand":24,"minecraft:oak_log":25,"minecraft:lapis_lazuli":47,"minecraft:dirt":3,"minecraft:raw_copper":12,"minecraft:cooked_mutton":1,"minecraft:stone_sword":1,"minecraft:stone_shovel":1,"minecraft:red_tulip":1,"minecraft:oak_boat":2,"minecraft:oak_sapling":3,"minecraft:coal":61,"minecraft:cobblestone":127},"minecraft:killed":{"grimoireofgaia:cyan_flower":1}},"DataVersion":3465}