{"stats":{"minecraft:used":{"minecraft:wheat_seeds":16,"minecraft:wooden_axe":13,"minecraft:stone_sword":181,"minecraft:stone_shovel":15,"minecraft:stone_pickaxe":56,"minecraft:wooden_pickaxe":4,"minecraft:stone_hoe":23,"minecraft:stone_axe":45,"minecraft:torch":19,"minecraft:cobblestone":1,"minecraft:crafting_table":3,"minecraft:furnace":1,"minecraft:cooked_porkchop":2},"minecraft:custom":{"minecraft:time_since_rest":23903,"minecraft:sprint_one_cm":53436,"minecraft:interact_with_furnace":4,"minecraft:walk_one_cm":102222,"minecraft:mob_kills":14,"minecraft:damage_dealt":1035,"minecraft:interact_with_crafting_table":7,"minecraft:fly_one_cm":18340,"minecraft:crouch_one_cm":247,"minecraft:play_time":23903,"minecraft:sneak_time":53,"minecraft:jump":255,"minecraft:walk_on_water_one_cm":262,"minecraft:time_since_death":23903,"minecraft:total_world_time":23903,"minecraft:fall_one_cm":1699},"minecraft:mined":{"minecraft:birch_log":12,"minecraft:birch_leaves":1,"minecraft:dandelion":2,"minecraft:crafting_table":1,"minecraft:torch":2,"minecraft:grass_block":8,"minecraft:grass":137,"minecraft:red_tulip":1,"minecraft:coal_ore":34,"minecraft:oak_log":14,"minecraft:dirt":5,"minecraft:tall_grass":45,"minecraft:cobblestone":1,"minecraft:stone":24,"minecraft:oak_leaves":1,"minecraft:wall_torch":5},"minecraft:crafted":{"minecraft:oak_planks":16,"minecraft:stone_shovel":1,"minecraft:cooked_porkchop":4,"minecraft:crafting_table":2,"minecraft:stick":20,"minecraft:wooden_pickaxe":1,"minecraft:stone_pickaxe":2,"minecraft:wooden_axe":1,"minecraft:chest":1,"minecraft:stone_sword":1,"minecraft:furnace":1,"minecraft:torch":12,"minecraft:birch_planks":20,"minecraft:stone_hoe":1,"minecraft:stone_axe":1,"minecraft:air":0},"minecraft:picked_up":{"minecraft:birch_log":12,"minecraft:stick":1,"minecraft:crafting_table":1,"minecraft:feather":3,"minecraft:chicken":3,"minecraft:torch":7,"minecraft:dandelion":2,"minecraft:porkchop":12,"minecraft:oak_log":14,"minecraft:dirt":12,"minecraft:wheat_seeds":16,"minecraft:red_tulip":1,"minecraft:oak_sapling":5,"minecraft:birch_sapling":3,"minecraft:mutton":7,"minecraft:coal":33,"alexsmobs:flying_fish":8,"minecraft:white_wool":4,"minecraft:cobblestone":25,"minecraft:egg":1},"minecraft:killed":{"minecraft:sheep":4,"minecraft:pig":4,"minecraft:chicken":3,"alexsmobs:flying_fish":3}},"DataVersion":3465}