{"stats":{"minecraft:used":{"minecraft:cooked_mutton":1,"minecraft:wheat_seeds":16,"minecraft:stone_sword":216,"minecraft:stone_pickaxe":82,"minecraft:stone_shovel":65,"minecraft:chest":1,"minecraft:wooden_pickaxe":10,"minecraft:stone_hoe":23,"minecraft:cooked_chicken":3,"minecraft:torch":20,"minecraft:dirt":12,"minecraft:sand":34,"minecraft:crafting_table":3,"minecraft:red_bed":2,"minecraft:birch_door":1,"minecraft:wooden_axe":15,"tombstone:grave_key":3,"minecraft:stone_axe":45,"minecraft:cobblestone":12,"minecraft:furnace":1,"minecraft:cooked_porkchop":4,"tombstone:gift":4,"minecraft:oak_boat":1},"minecraft:killed_by":{"grimoireofgaia:deathword":1,"minecraft:skeleton":1,"minecraft:zombie":2},"minecraft:dropped":{"minecraft:cooked_porkchop":5,"minecraft:stone_shovel":1,"minecraft:cooked_mutton":2,"minecraft:filled_map":1},"minecraft:custom":{"minecraft:interact_with_furnace":16,"minecraft:mob_kills":17,"minecraft:interact_with_crafting_table":14,"minecraft:time_since_death":25361,"minecraft:sleep_in_bed":1,"minecraft:time_since_rest":9795,"minecraft:sprint_one_cm":163115,"minecraft:damage_taken":1738,"minecraft:walk_one_cm":195291,"minecraft:drop":9,"minecraft:damage_dealt":1568,"minecraft:swim_one_cm":24986,"minecraft:fly_one_cm":95415,"minecraft:open_chest":17,"minecraft:crouch_one_cm":351,"minecraft:play_time":59903,"minecraft:deaths":4,"minecraft:sneak_time":296,"minecraft:walk_under_water_one_cm":6706,"minecraft:boat_one_cm":44550,"minecraft:jump":770,"minecraft:walk_on_water_one_cm":7982,"minecraft:total_world_time":59903,"minecraft:fall_one_cm":8261},"minecraft:mined":{"minecraft:red_bed":1,"minecraft:kelp_plant":2,"minecraft:dandelion":2,"minecraft:crafting_table":1,"minecraft:torch":2,"minecraft:grass_block":8,"minecraft:tall_grass":45,"minecraft:cobblestone":13,"minecraft:oak_planks":2,"minecraft:kelp":2,"minecraft:wall_torch":9,"minecraft:furnace":1,"minecraft:birch_log":12,"minecraft:birch_leaves":1,"minecraft:grass":138,"minecraft:red_tulip":1,"minecraft:oak_log":14,"minecraft:coal_ore":34,"minecraft:sand":51,"minecraft:dirt":7,"minecraft:stone":42,"minecraft:oak_leaves":1},"minecraft:crafted":{"minecraft:red_dye":2,"minecraft:oak_planks":16,"minecraft:stone_shovel":2,"minecraft:cooked_porkchop":9,"minecraft:crafting_table":2,"minecraft:wooden_pickaxe":1,"minecraft:cooked_chicken":3,"minecraft:red_bed":2,"minecraft:furnace":1,"minecraft:birch_planks":24,"minecraft:stone_axe":1,"minecraft:cooked_mutton":9,"minecraft:air":0,"minecraft:stick":20,"minecraft:stone_pickaxe":2,"minecraft:wooden_axe":1,"minecraft:stone_sword":1,"minecraft:chest":1,"minecraft:white_bed":2,"minecraft:birch_door":3,"minecraft:torch":12,"minecraft:stone_hoe":1},"minecraft:picked_up":{"minecraft:birch_log":12,"minecraft:crafting_table":1,"minecraft:feather":3,"minecraft:chicken":3,"minecraft:andesite":2,"minecraft:oak_log":14,"minecraft:red_bed":2,"minecraft:dirt":13,"minecraft:cooked_mutton":1,"minecraft:bone":1,"minecraft:kelp":2,"minecraft:wheat_seeds":16,"minecraft:oak_boat":2,"minecraft:poppy":1,"minecraft:birch_sapling":3,"minecraft:oak_planks":1,"minecraft:furnace":1,"minecraft:egg":1,"minecraft:stick":2,"minecraft:sandstone":3,"minecraft:torch":11,"minecraft:dandelion":2,"minecraft:porkchop":13,"minecraft:sand":38,"minecraft:arrow":2,"minecraft:red_tulip":1,"minecraft:oak_sapling":5,"minecraft:mutton":10,"minecraft:coal":34,"minecraft:white_wool":10,"alexsmobs:flying_fish":8,"minecraft:cobblestone":54},"minecraft:killed":{"minecraft:pig":5,"minecraft:sheep":6,"minecraft:chicken":3,"alexsmobs:flying_fish":3}},"DataVersion":3465}