{"stats":{"minecraft:used":{"minecraft:cooked_mutton":2,"minecraft:wheat_seeds":16,"minecraft:stone_sword":223,"minecraft:stone_pickaxe":82,"minecraft:stone_shovel":65,"minecraft:chest":1,"minecraft:wooden_pickaxe":11,"minecraft:stone_hoe":23,"minecraft:cooked_chicken":3,"minecraft:torch":20,"minecraft:dirt":12,"minecraft:sand":34,"minecraft:crafting_table":4,"minecraft:red_bed":5,"minecraft:birch_door":1,"minecraft:wooden_axe":15,"minecraft:bread":4,"tombstone:grave_key":3,"minecraft:stone_axe":45,"minecraft:cobblestone":12,"minecraft:furnace":1,"minecraft:cooked_porkchop":4,"tombstone:gift":4,"minecraft:oak_boat":2},"minecraft:killed_by":{"grimoireofgaia:deathword":1,"grimoireofgaia:orc":1,"minecraft:skeleton":1,"minecraft:zombie":2},"minecraft:dropped":{"minecraft:cooked_porkchop":5,"minecraft:stone_shovel":1,"minecraft:cooked_mutton":4,"minecraft:filled_map":1},"minecraft:custom":{"minecraft:interact_with_furnace":16,"minecraft:mob_kills":17,"minecraft:traded_with_villager":2,"minecraft:interact_with_crafting_table":15,"minecraft:bell_ring":4,"minecraft:time_since_death":5780,"minecraft:sleep_in_bed":2,"minecraft:time_since_rest":5300,"minecraft:sprint_one_cm":200367,"minecraft:damage_taken":2429,"minecraft:walk_one_cm":232288,"minecraft:drop":11,"minecraft:damage_dealt":1632,"minecraft:swim_one_cm":34150,"minecraft:talked_to_villager":6,"minecraft:fly_one_cm":122699,"minecraft:open_chest":29,"minecraft:crouch_one_cm":351,"minecraft:play_time":71903,"minecraft:deaths":5,"minecraft:sneak_time":308,"minecraft:walk_under_water_one_cm":7134,"minecraft:boat_one_cm":58590,"minecraft:jump":1131,"minecraft:walk_on_water_one_cm":10411,"minecraft:total_world_time":71903,"minecraft:fall_one_cm":10144},"minecraft:mined":{"minecraft:red_bed":3,"minecraft:kelp_plant":2,"minecraft:dandelion":2,"minecraft:crafting_table":1,"minecraft:torch":2,"minecraft:grass_block":8,"minecraft:tall_grass":45,"minecraft:cobblestone":13,"minecraft:oak_planks":2,"minecraft:kelp":2,"minecraft:wall_torch":9,"minecraft:hay_block":7,"minecraft:furnace":1,"minecraft:birch_log":12,"minecraft:wheat":4,"minecraft:birch_leaves":1,"minecraft:grass":139,"minecraft:red_tulip":1,"minecraft:oak_log":14,"minecraft:coal_ore":34,"minecraft:water_cauldron":1,"minecraft:sand":51,"minecraft:dirt":7,"minecraft:stone":42,"minecraft:oak_leaves":1},"minecraft:crafted":{"minecraft:red_dye":2,"minecraft:oak_planks":16,"minecraft:stone_shovel":2,"minecraft:cooked_porkchop":9,"minecraft:leather_leggings":1,"minecraft:crafting_table":4,"minecraft:wooden_pickaxe":1,"minecraft:cooked_chicken":3,"minecraft:red_bed":2,"minecraft:furnace":1,"minecraft:birch_planks":24,"minecraft:stone_axe":1,"minecraft:bread":21,"minecraft:cooked_mutton":9,"minecraft:air":0,"minecraft:stick":20,"minecraft:leather_chestplate":1,"minecraft:stone_pickaxe":2,"minecraft:wooden_axe":1,"minecraft:stone_sword":1,"minecraft:chest":1,"minecraft:white_bed":2,"minecraft:birch_door":3,"minecraft:torch":12,"minecraft:stone_hoe":1,"minecraft:wheat":63},"minecraft:picked_up":{"minecraft:birch_log":12,"minecraft:crafting_table":1,"minecraft:feather":3,"minecraft:chicken":3,"minecraft:andesite":2,"minecraft:oak_log":14,"minecraft:red_bed":4,"minecraft:dirt":13,"minecraft:cooked_mutton":1,"minecraft:bone":1,"minecraft:kelp":2,"minecraft:wheat_seeds":19,"minecraft:oak_boat":3,"minecraft:iron_nugget":1,"minecraft:poppy":1,"minecraft:birch_sapling":3,"minecraft:oak_planks":1,"minecraft:furnace":1,"minecraft:egg":1,"minecraft:stick":2,"minecraft:sandstone":3,"grimoireofgaia:meat":2,"minecraft:torch":11,"minecraft:dandelion":2,"minecraft:porkchop":13,"minecraft:sand":38,"minecraft:cauldron":1,"minecraft:arrow":2,"grimoireofgaia:bag_book":1,"minecraft:hay_block":7,"minecraft:red_tulip":1,"minecraft:oak_sapling":5,"minecraft:mutton":10,"minecraft:coal":34,"minecraft:white_wool":10,"alexsmobs:flying_fish":8,"minecraft:cobblestone":54},"minecraft:killed":{"minecraft:pig":5,"minecraft:sheep":6,"minecraft:chicken":3,"alexsmobs:flying_fish":3}},"DataVersion":3465}