{"stats":{"minecraft:used":{"alexsmobs:emu_egg":1,"minecraft:iron_shovel":293,"minecraft:chest":13,"minecraft:shield":77,"minecraft:iron_sword":43,"tombstone:lollipop":1,"minecraft:brick_slab":19,"minecraft:carrot":15,"minecraft:jungle_sapling":7,"born_in_chaos_v1:corpse_maggot":5,"born_in_chaos_v1:smoked_flesh":9,"minecraft:dark_oak_slab":200,"minecraft:music_disc_wait":1,"minecraft:stone_brick_stairs":28,"minecraft:stone_bricks":122,"minecraft:furnace":7,"grimoireofgaia:meat":4,"minecraft:potato":43,"minecraft:brick_wall":6,"minecraft:stone_pickaxe":82,"minecraft:oak_planks":3,"minecraft:wooden_pickaxe":13,"minecraft:oak_leaves":125,"minecraft:glow_berries":32,"minecraft:sand":42,"minecraft:shears":238,"minecraft:birch_fence":113,"minecraft:birch_fence_gate":2,"born_in_chaos_v1:monster_flesh":1,"minecraft:melon_slice":65,"minecraft:bread":98,"tombstone:grave_key":32,"minecraft:gravel":9,"minecraft:dark_oak_fence":26,"minecraft:andesite":5,"minecraft:oak_boat":2,"minecraft:bone_meal":52,"minecraft:jungle_leaves":4,"minecraft:enchanting_table":4,"minecraft:stone_sword":289,"minecraft:stone_shovel":96,"minecraft:spruce_planks":7,"minecraft:stone_hoe":211,"minecraft:cooked_chicken":3,"minecraft:brewing_stand":1,"minecraft:orange_bed":4,"minecraft:torch":244,"minecraft:dirt":136,"minecraft:granite":29,"minecraft:fern":1,"minecraft:purple_stained_glass_pane":128,"minecraft:birch_door":1,"minecraft:dark_oak_planks":720,"minecraft:stone_brick_slab":131,"minecraft:wooden_axe":19,"minecraft:bookshelf":36,"minecraft:iron_axe":568,"minecraft:jungle_log":5,"alexsmobs:banana":1,"tombstone:gift":8,"minecraft:enchanted_golden_apple":1,"minecraft:wheat_seeds":164,"minecraft:cooked_mutton":2,"minecraft:birch_planks":20,"minecraft:baked_potato":37,"minecraft:cauldron":1,"minecraft:vine":8,"minecraft:crafting_table":13,"minecraft:red_bed":6,"minecraft:campfire":2,"minecraft:dark_oak_door":6,"tombstone:bag_of_seeds":1,"minecraft:diamond_pickaxe":176,"minecraft:apple":1,"minecraft:iron_pickaxe":590,"minecraft:jungle_stairs":17,"minecraft:stone_axe":588,"orcz:bone_1deco":3,"minecraft:cobblestone":97,"minecraft:cooked_porkchop":6,"minecraft:birch_stairs":6},"minecraft:killed_by":{"orcz:orcsavage_2sword":1,"born_in_chaos_v1:corpse_fly":1,"grimoireofgaia:arachne":2,"grimoireofgaia:toad":7,"mowziesmobs:umvuthi":1,"grimoireofgaia:cecaelia":1,"grimoireofgaia:deathword":1,"grimoireofgaia:harpy":1,"minecraft:witch":1,"minecraft:zombie":7,"alexsmobs:grizzly_bear":1,"grimoireofgaia:orc":2,"minecraft:spider":3,"grimoireofgaia:matango":2,"born_in_chaos_v1:sir_pumpkinhead":1,"minecraft:skeleton":3,"grimoireofgaia:bee":1},"minecraft:dropped":{"minecraft:birch_planks":3,"minecraft:baked_potato":1,"minecraft:cooked_porkchop":5,"minecraft:gold_block":1,"born_in_chaos_v1:monster_flesh":1,"minecraft:dirt":3,"minecraft:grass":3,"minecraft:cornflower":4,"minecraft:gravel":1,"minecraft:sugar_cane":1,"minecraft:iron_nugget":4,"minecraft:rotten_flesh":15,"minecraft:cooked_mutton":4,"minecraft:leather_chestplate":1,"minecraft:beetroot_seeds":3,"minecraft:iron_ingot":3,"minecraft:bread":10,"minecraft:wheat_seeds":39,"minecraft:cobblestone":3,"orcz:orcagaric":3,"minecraft:golden_apple":1,"born_in_chaos_v1:river_mint":1,"minecraft:diorite":2,"minecraft:wooden_axe":1,"tombstone:voodoo_poppet":1,"minecraft:music_disc_cat":1,"minecraft:bricks":1,"minecraft:coarse_dirt":14,"minecraft:stone_shovel":2,"orcz:orcamanita":1,"orcz:ironscrap":13,"minecraft:filled_map":1,"minecraft:potato":17,"orcz:orcteeth":6,"minecraft:diamond_pickaxe":1,"minecraft:andesite":2,"minecraft:spider_eye":1,"minecraft:wooden_pickaxe":1,"minecraft:stripped_spruce_wood":1},"minecraft:broken":{"magistuarmory:rustedcrusader_boots":1,"minecraft:iron_shovel":1,"minecraft:shears":1,"minecraft:stone_axe":6,"minecraft:leather_helmet":1,"minecraft:chainmail_helmet":1,"minecraft:leather_chestplate":1,"minecraft:shield":1,"minecraft:iron_axe":2,"minecraft:leather_boots":1},"minecraft:custom":{"minecraft:interact_with_crafting_table":78,"minecraft:open_barrel":31,"minecraft:bell_ring":9,"minecraft:eat_cake_slice":2,"minecraft:leave_game":21,"minecraft:time_since_death":43820,"minecraft:damage_resisted":14,"minecraft:sprint_one_cm":2087157,"minecraft:damage_blocked_by_shield":5011,"minecraft:drop":72,"tombstone:eaten_lollipop":1,"minecraft:play_noteblock":1,"minecraft:talked_to_villager":14,"minecraft:play_time":692797,"minecraft:deaths":38,"minecraft:jump":8010,"minecraft:walk_on_water_one_cm":104873,"minecraft:interact_with_furnace":70,"minecraft:play_record":1,"minecraft:traded_with_villager":2,"minecraft:sleep_in_bed":25,"minecraft:damage_dealt":12928,"minecraft:player_kills":1,"minecraft:crouch_one_cm":135525,"tombstone:undead_killed":18,"minecraft:mob_kills":70,"minecraft:damage_dealt_resisted":159,"minecraft:climb_one_cm":120722,"minecraft:walk_one_cm":2080531,"minecraft:sneak_time":36047,"minecraft:walk_under_water_one_cm":43819,"minecraft:boat_one_cm":58590,"minecraft:total_world_time":692797,"minecraft:tune_noteblock":4,"minecraft:pot_flower":1,"minecraft:time_since_rest":29522,"minecraft:damage_absorbed":29,"minecraft:damage_taken":18360,"minecraft:swim_one_cm":169194,"minecraft:fly_one_cm":1359489,"minecraft:open_chest":258,"minecraft:fall_one_cm":195803},"minecraft:mined":{"minecraft:dark_oak_planks":132,"minecraft:spruce_planks":7,"orcz:orcamanita":1,"minecraft:andesite_stairs":1,"minecraft:jungle_leaves":267,"minecraft:brewing_stand":3,"minecraft:light_blue_carpet":14,"minecraft:cave_vines_plant":5,"minecraft:granite":37,"minecraft:acacia_log":31,"minecraft:grass_block":84,"minecraft:yellow_carpet":7,"minecraft:jungle_log":32,"minecraft:oak_pressure_plate":1,"minecraft:spawner":11,"minecraft:tall_seagrass":1,"minecraft:magma_block":1,"minecraft:iron_ore":14,"ancient_elements:tin_ore":9,"minecraft:enchanting_table":4,"minecraft:red_tulip":1,"minecraft:cave_vines":7,"minecraft:water_cauldron":2,"minecraft:iron_bars":14,"minecraft:orange_bed":4,"minecraft:red_bed":3,"minecraft:blackstone":2,"minecraft:kelp_plant":4,"minecraft:orange_terracotta":1,"minecraft:clay":44,"minecraft:torch":42,"minecraft:note_block":1,"minecraft:jungle_stairs":3,"minecraft:poppy":17,"minecraft:melon":17,"minecraft:chest":10,"ancient_elements:cloud":1,"minecraft:cobblestone":29,"minecraft:sugar_cane":1,"minecraft:oak_planks":2,"minecraft:wall_torch":44,"minecraft:seagrass":2,"minecraft:chain":2,"minecraft:dark_oak_slab":18,"minecraft:dark_oak_door":3,"orcz:orcagaric":1,"minecraft:birch_log":56,"minecraft:wheat":140,"born_in_chaos_v1:river_mint":2,"minecraft:grass":205,"minecraft:oak_log":18,"minecraft:sand":174,"minecraft:dirt":91,"minecraft:oak_leaves":173,"minecraft:red_carpet":2,"ancient_elements:lead_ore":4,"minecraft:dark_oak_leaves":17,"minecraft:dark_oak_log":264,"minecraft:lever":1,"minecraft:dark_oak_fence":2,"minecraft:spruce_fence":2,"ancient_elements:meteorite_block":6,"minecraft:kelp":2,"orcz:bone_1deco":1,"minecraft:hay_block":14,"minecraft:furnace":5,"minecraft:carrots":1,"minecraft:jungle_sapling":1,"minecraft:acacia_wood":4,"minecraft:acacia_stairs":3,"minecraft:andesite":53,"minecraft:gold_block":1,"minecraft:bookshelf":34,"minecraft:potatoes":18,"minecraft:vine":52,"minecraft:stone":450,"minecraft:white_tulip":1,"minecraft:bone_block":3,"minecraft:podzol":1,"minecraft:acacia_leaves":1,"minecraft:red_wool":4,"minecraft:stone_brick_slab":6,"minecraft:dandelion":2,"minecraft:crafting_table":6,"minecraft:cornflower":11,"minecraft:rose_bush":11,"minecraft:campfire":1,"minecraft:tall_grass":64,"minecraft:diorite":3,"minecraft:brick_slab":10,"minecraft:birch_planks":20,"minecraft:coarse_dirt":14,"minecraft:spruce_log":2,"minecraft:birch_leaves":3,"minecraft:coal_ore":131,"minecraft:gravel":15,"minecraft:cracked_stone_bricks":4,"minecraft:acacia_planks":1,"minecraft:stone_bricks":8,"minecraft:birch_fence":2,"minecraft:fern":9},"minecraft:crafted":{"minecraft:oak_planks":32,"minecraft:cooked_chicken":3,"minecraft:brick_wall":6,"minecraft:stone":183,"minecraft:bookshelf":36,"minecraft:cooked_mutton":9,"minecraft:dark_oak_door":3,"minecraft:glass":117,"minecraft:stone_brick_slab":126,"minecraft:birch_fence_gate":2,"minecraft:chest":3,"minecraft:birch_door":3,"minecraft:jungle_stairs":16,"minecraft:bricks":10,"minecraft:stone_hoe":3,"minecraft:stone_bricks":224,"minecraft:cooked_porkchop":9,"minecraft:crafting_table":8,"minecraft:spruce_planks":16,"minecraft:wooden_pickaxe":1,"minecraft:baked_potato":38,"minecraft:birch_planks":220,"minecraft:campfire":2,"minecraft:stone_brick_stairs":28,"minecraft:dark_oak_slab":180,"minecraft:iron_chestplate":1,"minecraft:purple_dye":16,"minecraft:shield":2,"minecraft:birch_fence":120,"minecraft:stick":176,"minecraft:leather_chestplate":1,"minecraft:iron_ingot":13,"minecraft:iron_pickaxe":1,"minecraft:stone_sword":1,"minecraft:birch_stairs":8,"minecraft:shears":1,"minecraft:stone_shovel":2,"minecraft:leather_leggings":1,"minecraft:furnace":2,"minecraft:bone_meal":72,"minecraft:glass_pane":240,"minecraft:dark_oak_fence":24,"minecraft:iron_axe":4,"minecraft:stone_pickaxe":2,"minecraft:dark_oak_planks":996,"minecraft:brick_slab":6,"minecraft:wheat":126,"minecraft:red_dye":24,"minecraft:purple_stained_glass_pane":128,"minecraft:iron_sword":1,"minecraft:red_bed":2,"minecraft:stone_axe":5,"minecraft:bread":76,"minecraft:air":0,"minecraft:jungle_planks":96,"minecraft:blue_dye":8,"minecraft:wooden_axe":1,"minecraft:iron_shovel":2,"minecraft:white_bed":2,"minecraft:acacia_planks":116,"minecraft:torch":144,"minecraft:brick":59},"minecraft:picked_up":{"minecraft:wheat":138,"minecraft:enchanted_book":2,"minecraft:brewing_stand":4,"minecraft:string":7,"alexsmobs:ancient_dart":1,"ancient_elements:meteorite_block":5,"minecraft:gold_nugget":10,"alexsmobs:banana":1,"minecraft:spruce_planks":13,"minecraft:white_tulip":1,"minecraft:rose_bush":8,"minecraft:redstone_torch":1,"minecraft:iron_pickaxe":2,"minecraft:melon_slice":99,"minecraft:dark_oak_door":3,"minecraft:furnace":5,"minecraft:stick":24,"born_in_chaos_v1:shattered_skull":12,"minecraft:torch":93,"minecraft:acacia_log":29,"minecraft:porkchop":13,"tombstone:grave_dust":11,"minecraft:diorite":7,"minecraft:vine":27,"minecraft:cauldron":3,"tombstone:lollipop":1,"minecraft:orange_bed":4,"minecraft:rotten_flesh":21,"minecraft:red_tulip":1,"alexsmobs:emu_egg":5,"minecraft:iron_bars":12,"alexsmobs:flying_fish":8,"minecraft:cobblestone":414,"minecraft:enchanting_table":4,"minecraft:birch_log":55,"minecraft:feather":3,"orcz:orcteeth":24,"minecraft:andesite":106,"minecraft:jungle_log":35,"minecraft:golden_leggings":4,"minecraft:potato":106,"ancient_elements:raw_lead":4,"minecraft:stripped_spruce_wood":1,"minecraft:lapis_lazuli":1,"minecraft:dirt":159,"minecraft:bone":27,"minecraft:glass":5,"minecraft:acacia_planks":1,"minecraft:wheat_seeds":457,"minecraft:pitcher_pod":2,"minecraft:oak_planks":1,"orcz:orcagaric":5,"minecraft:jungle_planks":4,"minecraft:sand":184,"minecraft:acacia_stairs":3,"minecraft:dark_oak_log":251,"minecraft:jungle_leaves":78,"minecraft:lever":1,"minecraft:granite":35,"minecraft:grass":9,"minecraft:golden_apple":1,"minecraft:bread":17,"orcz:ironscrap":41,"minecraft:oak_sapling":8,"born_in_chaos_v1:rotten_fish":3,"minecraft:dark_oak_fence":4,"minecraft:bricks":1,"minecraft:oak_leaves":121,"minecraft:diamond_pickaxe":2,"minecraft:charcoal":2,"minecraft:coarse_dirt":28,"minecraft:cocoa_beans":18,"minecraft:crafting_table":5,"minecraft:chicken":3,"born_in_chaos_v1:river_mint":1,"minecraft:clay_ball":176,"minecraft:brown_mushroom":2,"minecraft:wooden_pickaxe":1,"minecraft:cooked_rabbit":1,"mowziesmobs:glowing_jelly":1,"minecraft:gold_block":1,"minecraft:chain":6,"minecraft:cornflower":12,"minecraft:red_bed":4,"minecraft:iron_shovel":4,"minecraft:birch_fence":1,"minecraft:blackstone":4,"minecraft:cracked_stone_bricks":1,"minecraft:andesite_stairs":1,"minecraft:oak_boat":6,"minecraft:jungle_sapling":7,"minecraft:iron_nugget":22,"minecraft:poppy":17,"minecraft:birch_sapling":3,"tombstone:tablet_of_assistance":2,"minecraft:sugar_cane":1,"minecraft:chest":10,"minecraft:egg":9,"minecraft:dark_oak_sapling":4,"minecraft:raw_iron":16,"minecraft:sandstone":6,"minecraft:stone":46,"grimoireofgaia:meat":4,"ancient_elements:raw_tin":11,"born_in_chaos_v1:pieceofdarkmetal":2,"minecraft:carrot":8,"minecraft:dark_oak_planks":137,"minecraft:arrow":36,"minecraft:stone_shovel":1,"grimoireofgaia:bag_book":1,"minecraft:beetroot_seeds":9,"minecraft:jungle_stairs":2,"minecraft:hay_block":14,"minecraft:saddle":1,"minecraft:glow_berries":38,"minecraft:mutton":10,"minecraft:bone_block":9,"minecraft:white_wool":10,"born_in_chaos_v1:corpse_maggot":19,"born_in_chaos_v1:monster_flesh":14,"minecraft:fern":1,"minecraft:leather":6,"alexsmobs:acacia_blossom":1,"minecraft:birch_planks":27,"minecraft:oak_log":18,"minecraft:golden_boots":2,"tombstone:voodoo_poppet":2,"minecraft:paper":40,"minecraft:orange_terracotta":1,"minecraft:cooked_mutton":1,"minecraft:apple":23,"minecraft:stone_bricks":8,"minecraft:kelp":6,"born_in_chaos_v1:smoked_flesh":1,"minecraft:iron_ingot":2,"tombstone:bag_of_seeds":1,"minecraft:acacia_sapling":6,"minecraft:book":103,"minecraft:dark_oak_slab":20,"minecraft:stone_brick_slab":7,"minecraft:red_wool":6,"born_in_chaos_v1:ethereal_spirit":9,"minecraft:dandelion":2,"minecraft:torchflower_seeds":2,"orcz:bone_1deco":1,"minecraft:gravel":28,"orcz:orcamanita":3,"minecraft:spruce_log":4,"magistuarmory:rustedchainmail_leggings":1,"minecraft:spider_eye":5,"minecraft:brick_slab":13,"minecraft:slime_ball":4,"minecraft:stone_axe":1,"minecraft:light_blue_carpet":10,"magistuarmory:rustedcrusader_boots":1,"minecraft:coal":229,"minecraft:ender_pearl":2},"minecraft:killed":{"grimoireofgaia:toad":2,"minecraft:cave_spider":2,"minecraft:witch":1,"born_in_chaos_v1:restless_spirit":2,"minecraft:spider":7,"minecraft:skeleton":1,"orcz:goblinsavagebomb":1,"minecraft:chicken":3,"minecraft:pig":5,"orcz:goblinsavagemace":1,"minecraft:sheep":6,"mowziesmobs:lantern":1,"born_in_chaos_v1:zombie_fisherman":2,"minecraft:zombie":11,"born_in_chaos_v1:corpse_fly":7,"grimoireofgaia:harpy":1,"alexsmobs:fly":1,"orcz:orcsavage_2sword":1,"orcz:snot":2,"born_in_chaos_v1:zombie_bruiser":1,"born_in_chaos_v1:maggot":1,"born_in_chaos_v1:corpse_fish":1,"orcz:orcsavagemace":1,"alexsmobs:flying_fish":3,"grimoireofgaia:cyan_flower":1,"born_in_chaos_v1:decrepit_skeleton":3,"alexsmobs:catfish":1,"grimoireofgaia:matango":1}},"DataVersion":3465}