{"stats":{"minecraft:used":{"minecraft:cooked_mutton":2,"minecraft:wheat_seeds":19,"minecraft:stone_sword":231,"minecraft:stone_pickaxe":82,"minecraft:stone_shovel":90,"minecraft:shield":11,"minecraft:chest":2,"minecraft:wooden_pickaxe":11,"minecraft:stone_hoe":23,"minecraft:cooked_chicken":3,"minecraft:orange_bed":1,"minecraft:torch":20,"minecraft:dirt":16,"minecraft:sand":34,"minecraft:crafting_table":4,"minecraft:red_bed":6,"minecraft:birch_door":1,"minecraft:wooden_axe":17,"minecraft:diamond_pickaxe":39,"minecraft:bread":7,"minecraft:iron_pickaxe":1,"tombstone:grave_key":6,"minecraft:stone_axe":45,"minecraft:cobblestone":12,"minecraft:furnace":2,"minecraft:cooked_porkchop":4,"tombstone:gift":4,"minecraft:oak_boat":2},"minecraft:killed_by":{"grimoireofgaia:deathword":1,"grimoireofgaia:orc":2,"minecraft:skeleton":1,"minecraft:zombie":2},"minecraft:dropped":{"minecraft:bread":10,"minecraft:cooked_porkchop":5,"minecraft:stone_shovel":1,"minecraft:cooked_mutton":4,"minecraft:filled_map":1},"minecraft:custom":{"minecraft:interact_with_furnace":17,"minecraft:mob_kills":17,"minecraft:traded_with_villager":2,"minecraft:interact_with_crafting_table":19,"minecraft:bell_ring":5,"minecraft:time_since_death":22773,"minecraft:sleep_in_bed":4,"minecraft:climb_one_cm":344,"minecraft:time_since_rest":3220,"minecraft:sprint_one_cm":302173,"minecraft:damage_taken":2750,"minecraft:walk_one_cm":301496,"minecraft:damage_blocked_by_shield":210,"minecraft:drop":21,"minecraft:damage_dealt":1768,"minecraft:swim_one_cm":34150,"minecraft:talked_to_villager":10,"minecraft:fly_one_cm":168483,"minecraft:open_chest":36,"minecraft:crouch_one_cm":2760,"minecraft:play_time":95903,"minecraft:deaths":6,"minecraft:sneak_time":889,"minecraft:walk_under_water_one_cm":7134,"minecraft:boat_one_cm":58590,"minecraft:jump":1431,"minecraft:walk_on_water_one_cm":10513,"minecraft:total_world_time":95903,"minecraft:fall_one_cm":17193},"minecraft:mined":{"minecraft:red_bed":3,"minecraft:kelp_plant":2,"minecraft:dandelion":2,"minecraft:crafting_table":1,"minecraft:torch":2,"minecraft:acacia_log":2,"minecraft:grass_block":24,"minecraft:chest":1,"ancient_elements:meteorite_block":1,"minecraft:tall_grass":48,"minecraft:cobblestone":13,"minecraft:oak_planks":2,"minecraft:kelp":2,"minecraft:wall_torch":9,"minecraft:hay_block":7,"minecraft:furnace":1,"minecraft:birch_log":12,"minecraft:wheat":8,"minecraft:birch_leaves":1,"ancient_elements:tin_ore":5,"minecraft:grass":141,"minecraft:red_tulip":1,"minecraft:oak_log":14,"minecraft:coal_ore":61,"minecraft:water_cauldron":1,"minecraft:sand":51,"minecraft:dirt":13,"minecraft:stone":47,"minecraft:orange_bed":1,"minecraft:oak_leaves":1},"minecraft:crafted":{"minecraft:red_dye":2,"minecraft:oak_planks":16,"minecraft:stone_shovel":2,"minecraft:cooked_porkchop":9,"minecraft:leather_leggings":1,"minecraft:crafting_table":4,"minecraft:wooden_pickaxe":1,"minecraft:cooked_chicken":3,"minecraft:red_bed":2,"minecraft:furnace":1,"minecraft:birch_planks":24,"minecraft:stone_axe":1,"minecraft:bread":21,"minecraft:cooked_mutton":9,"minecraft:air":0,"minecraft:shield":1,"minecraft:stick":24,"minecraft:leather_chestplate":1,"minecraft:iron_pickaxe":1,"minecraft:stone_pickaxe":2,"minecraft:wooden_axe":1,"minecraft:stone_sword":1,"minecraft:chest":1,"minecraft:white_bed":2,"minecraft:birch_door":3,"minecraft:acacia_planks":8,"minecraft:torch":12,"minecraft:stone_hoe":1,"minecraft:wheat":63},"minecraft:picked_up":{"minecraft:birch_log":12,"minecraft:crafting_table":1,"minecraft:wheat":3,"minecraft:feather":3,"minecraft:chicken":3,"born_in_chaos_v1:monster_flesh":1,"minecraft:andesite":4,"minecraft:wooden_pickaxe":1,"minecraft:birch_planks":2,"minecraft:oak_log":14,"minecraft:lapis_lazuli":1,"minecraft:paper":10,"minecraft:red_bed":4,"minecraft:dirt":35,"ancient_elements:meteorite_block":1,"minecraft:cooked_mutton":1,"minecraft:bone":1,"minecraft:kelp":2,"minecraft:wheat_seeds":28,"minecraft:gold_nugget":10,"minecraft:oak_boat":3,"minecraft:iron_nugget":13,"minecraft:poppy":1,"minecraft:acacia_sapling":1,"minecraft:chest":1,"minecraft:birch_sapling":3,"minecraft:oak_planks":1,"minecraft:book":1,"minecraft:furnace":1,"minecraft:egg":1,"minecraft:stick":4,"minecraft:sandstone":6,"grimoireofgaia:meat":4,"minecraft:acacia_log":2,"minecraft:torch":11,"minecraft:dandelion":2,"minecraft:porkchop":13,"minecraft:sand":38,"ancient_elements:raw_tin":5,"minecraft:acacia_stairs":3,"minecraft:cauldron":1,"minecraft:orange_bed":1,"minecraft:arrow":2,"grimoireofgaia:bag_book":1,"minecraft:hay_block":7,"minecraft:red_tulip":1,"minecraft:oak_sapling":5,"minecraft:mutton":10,"minecraft:coal":61,"minecraft:white_wool":10,"alexsmobs:flying_fish":8,"minecraft:cobblestone":68,"minecraft:diamond_pickaxe":1},"minecraft:killed":{"minecraft:pig":5,"minecraft:sheep":6,"minecraft:chicken":3,"alexsmobs:flying_fish":3}},"DataVersion":3465}