{"stats":{"minecraft:used":{"minecraft:wheat_seeds":16,"minecraft:stone_sword":204,"minecraft:stone_pickaxe":81,"minecraft:stone_shovel":15,"minecraft:chest":1,"minecraft:wooden_pickaxe":9,"minecraft:stone_hoe":23,"minecraft:cooked_chicken":1,"minecraft:torch":20,"minecraft:dirt":12,"minecraft:crafting_table":3,"minecraft:birch_door":1,"minecraft:wooden_axe":15,"tombstone:grave_key":3,"minecraft:stone_axe":45,"minecraft:cobblestone":12,"minecraft:furnace":1,"minecraft:cooked_porkchop":2,"tombstone:gift":4},"minecraft:killed_by":{"grimoireofgaia:deathword":1,"minecraft:skeleton":1,"minecraft:zombie":2},"minecraft:custom":{"minecraft:interact_with_furnace":10,"minecraft:mob_kills":14,"minecraft:interact_with_crafting_table":11,"minecraft:time_since_death":1361,"minecraft:time_since_rest":1119,"minecraft:sprint_one_cm":69733,"minecraft:damage_taken":1536,"minecraft:walk_one_cm":148227,"minecraft:damage_dealt":1295,"minecraft:fly_one_cm":35242,"minecraft:open_chest":7,"minecraft:crouch_one_cm":247,"minecraft:play_time":35903,"minecraft:deaths":4,"minecraft:sneak_time":59,"minecraft:jump":381,"minecraft:walk_on_water_one_cm":262,"minecraft:total_world_time":35903,"minecraft:fall_one_cm":1699},"minecraft:mined":{"minecraft:dandelion":2,"minecraft:crafting_table":1,"minecraft:torch":2,"minecraft:grass_block":8,"minecraft:tall_grass":45,"minecraft:cobblestone":13,"minecraft:oak_planks":2,"minecraft:wall_torch":5,"minecraft:birch_log":12,"minecraft:birch_leaves":1,"minecraft:grass":137,"minecraft:red_tulip":1,"minecraft:oak_log":14,"minecraft:coal_ore":34,"minecraft:dirt":7,"minecraft:stone":41,"minecraft:oak_leaves":1},"minecraft:crafted":{"minecraft:oak_planks":16,"minecraft:stone_shovel":1,"minecraft:cooked_porkchop":8,"minecraft:crafting_table":2,"minecraft:wooden_pickaxe":1,"minecraft:cooked_chicken":3,"minecraft:furnace":1,"minecraft:birch_planks":24,"minecraft:stone_axe":1,"minecraft:air":0,"minecraft:stick":20,"minecraft:stone_pickaxe":2,"minecraft:wooden_axe":1,"minecraft:stone_sword":1,"minecraft:chest":1,"minecraft:birch_door":3,"minecraft:torch":12,"minecraft:stone_hoe":1},"minecraft:picked_up":{"minecraft:birch_log":12,"minecraft:crafting_table":1,"minecraft:feather":3,"minecraft:chicken":3,"minecraft:oak_log":14,"minecraft:dirt":13,"minecraft:bone":1,"minecraft:wheat_seeds":16,"minecraft:birch_sapling":3,"minecraft:oak_planks":1,"minecraft:egg":1,"minecraft:stick":2,"minecraft:torch":8,"minecraft:dandelion":2,"minecraft:porkchop":12,"minecraft:arrow":2,"minecraft:red_tulip":1,"minecraft:oak_sapling":5,"minecraft:mutton":7,"minecraft:coal":33,"minecraft:white_wool":4,"alexsmobs:flying_fish":8,"minecraft:cobblestone":51},"minecraft:killed":{"minecraft:pig":4,"minecraft:sheep":4,"minecraft:chicken":3,"alexsmobs:flying_fish":3}},"DataVersion":3465}