{"stats":{"minecraft:used":{"minecraft:wooden_axe":13,"minecraft:torch":9,"minecraft:cobblestone":1,"minecraft:crafting_table":3,"minecraft:furnace":1,"minecraft:stone_pickaxe":51,"minecraft:wooden_pickaxe":4},"minecraft:custom":{"minecraft:time_since_rest":11903,"minecraft:interact_with_furnace":1,"minecraft:play_time":11903,"minecraft:sprint_one_cm":3706,"minecraft:walk_one_cm":25261,"minecraft:sneak_time":4,"minecraft:jump":72,"minecraft:time_since_death":11903,"minecraft:total_world_time":11903,"minecraft:interact_with_crafting_table":4,"minecraft:fly_one_cm":1834},"minecraft:mined":{"minecraft:oak_log":4,"minecraft:coal_ore":34,"minecraft:birch_log":5,"minecraft:cobblestone":1,"minecraft:stone":19,"minecraft:birch_leaves":1,"minecraft:torch":2,"minecraft:crafting_table":1,"minecraft:wall_torch":5},"minecraft:crafted":{"minecraft:furnace":1,"minecraft:oak_planks":16,"minecraft:birch_planks":20,"minecraft:torch":12,"minecraft:crafting_table":2,"minecraft:stick":16,"minecraft:wooden_pickaxe":1,"minecraft:stone_pickaxe":1,"minecraft:wooden_axe":1},"minecraft:picked_up":{"minecraft:birch_log":5,"minecraft:crafting_table":1,"minecraft:torch":7,"minecraft:oak_log":4,"minecraft:coal":33,"minecraft:cobblestone":20}},"DataVersion":3465}