{"stats":{"minecraft:crafted":{"minecraft:oak_planks":32,"minecraft:cooked_chicken":3,"minecraft:bookshelf":16,"minecraft:cooked_mutton":9,"minecraft:glass":12,"minecraft:chest":1,"minecraft:birch_door":3,"minecraft:stone_hoe":3,"minecraft:cooked_porkchop":9,"minecraft:crafting_table":8,"minecraft:spruce_planks":16,"minecraft:wooden_pickaxe":1,"minecraft:baked_potato":21,"minecraft:birch_planks":168,"minecraft:dark_oak_slab":102,"minecraft:iron_chestplate":1,"minecraft:shield":2,"minecraft:birch_fence":96,"minecraft:stick":140,"minecraft:leather_chestplate":1,"minecraft:iron_pickaxe":1,"minecraft:stone_sword":1,"minecraft:shears":1,"minecraft:stone_shovel":2,"minecraft:leather_leggings":1,"minecraft:furnace":1,"minecraft:bone_meal":12,"minecraft:iron_axe":2,"minecraft:stone_pickaxe":2,"minecraft:dark_oak_planks":416,"minecraft:wheat":126,"minecraft:red_dye":2,"minecraft:iron_sword":1,"minecraft:red_bed":2,"minecraft:stone_axe":3,"minecraft:bread":48,"minecraft:air":0,"minecraft:jungle_planks":8,"minecraft:wooden_axe":1,"minecraft:iron_shovel":1,"minecraft:white_bed":2,"minecraft:acacia_planks":116,"minecraft:torch":144},"minecraft:killed":{"grimoireofgaia:toad":1,"minecraft:cave_spider":2,"minecraft:witch":1,"born_in_chaos_v1:restless_spirit":2,"minecraft:spider":7,"minecraft:skeleton":1,"orcz:goblinsavagebomb":1,"minecraft:chicken":3,"minecraft:pig":5,"orcz:goblinsavagemace":1,"minecraft:sheep":6,"born_in_chaos_v1:zombie_fisherman":2,"minecraft:zombie":11,"born_in_chaos_v1:corpse_fly":7,"grimoireofgaia:harpy":1,"orcz:orcsavage_2sword":1,"orcz:snot":2,"born_in_chaos_v1:zombie_bruiser":1,"born_in_chaos_v1:maggot":1,"orcz:orcsavagemace":1,"alexsmobs:flying_fish":3,"born_in_chaos_v1:decrepit_skeleton":3,"alexsmobs:catfish":1},"minecraft:picked_up":{"minecraft:wheat":43,"minecraft:enchanted_book":1,"minecraft:brewing_stand":3,"minecraft:string":7,"ancient_elements:meteorite_block":5,"minecraft:gold_nugget":10,"minecraft:spruce_planks":13,"minecraft:white_tulip":1,"minecraft:redstone_torch":1,"minecraft:iron_pickaxe":1,"minecraft:melon_slice":81,"minecraft:furnace":2,"minecraft:stick":9,"born_in_chaos_v1:shattered_skull":9,"minecraft:torch":41,"minecraft:acacia_log":29,"minecraft:porkchop":13,"tombstone:grave_dust":8,"minecraft:diorite":2,"minecraft:vine":17,"minecraft:cauldron":2,"tombstone:lollipop":1,"minecraft:orange_bed":2,"minecraft:rotten_flesh":20,"minecraft:red_tulip":1,"alexsmobs:emu_egg":4,"minecraft:iron_bars":12,"minecraft:cobblestone":205,"alexsmobs:flying_fish":8,"minecraft:enchanting_table":2,"minecraft:birch_log":42,"minecraft:feather":3,"orcz:orcteeth":12,"minecraft:jungle_log":2,"minecraft:andesite":7,"minecraft:golden_leggings":2,"minecraft:potato":72,"ancient_elements:raw_lead":4,"minecraft:stripped_spruce_wood":1,"minecraft:lapis_lazuli":1,"minecraft:dirt":128,"minecraft:bone":17,"minecraft:acacia_planks":1,"minecraft:wheat_seeds":148,"minecraft:oak_planks":1,"orcz:orcagaric":5,"minecraft:sand":102,"minecraft:acacia_stairs":3,"minecraft:dark_oak_log":106,"minecraft:jungle_leaves":41,"minecraft:lever":1,"minecraft:grass":3,"minecraft:golden_apple":1,"minecraft:bread":17,"orcz:ironscrap":15,"born_in_chaos_v1:rotten_fish":1,"minecraft:oak_sapling":5,"minecraft:bricks":1,"minecraft:dark_oak_fence":2,"minecraft:oak_leaves":121,"minecraft:diamond_pickaxe":1,"minecraft:cocoa_beans":8,"minecraft:coarse_dirt":28,"minecraft:crafting_table":3,"minecraft:chicken":3,"born_in_chaos_v1:river_mint":1,"minecraft:wooden_pickaxe":1,"minecraft:cooked_rabbit":1,"minecraft:gold_block":1,"minecraft:chain":4,"minecraft:cornflower":4,"minecraft:red_bed":4,"minecraft:iron_shovel":2,"minecraft:birch_fence":1,"minecraft:blackstone":4,"minecraft:cracked_stone_bricks":1,"minecraft:andesite_stairs":1,"minecraft:oak_boat":5,"minecraft:jungle_sapling":1,"minecraft:iron_nugget":18,"minecraft:poppy":1,"minecraft:birch_sapling":3,"tombstone:tablet_of_assistance":1,"minecraft:sugar_cane":1,"minecraft:chest":7,"minecraft:egg":7,"minecraft:dark_oak_sapling":2,"minecraft:raw_iron":2,"minecraft:sandstone":6,"grimoireofgaia:meat":4,"ancient_elements:raw_tin":5,"born_in_chaos_v1:pieceofdarkmetal":1,"minecraft:carrot":6,"minecraft:dark_oak_planks":8,"minecraft:arrow":20,"minecraft:stone_shovel":1,"grimoireofgaia:bag_book":1,"minecraft:hay_block":14,"minecraft:glow_berries":6,"minecraft:mutton":10,"minecraft:white_wool":10,"minecraft:bone_block":6,"born_in_chaos_v1:corpse_maggot":10,"born_in_chaos_v1:monster_flesh":8,"minecraft:fern":1,"minecraft:leather":3,"alexsmobs:acacia_blossom":1,"minecraft:birch_planks":21,"minecraft:oak_log":18,"minecraft:golden_boots":1,"tombstone:voodoo_poppet":1,"minecraft:paper":30,"minecraft:orange_terracotta":1,"minecraft:cooked_mutton":1,"minecraft:apple":11,"minecraft:stone_bricks":3,"minecraft:kelp":2,"tombstone:bag_of_seeds":1,"minecraft:acacia_sapling":2,"minecraft:book":100,"minecraft:dark_oak_slab":1,"minecraft:red_wool":4,"born_in_chaos_v1:ethereal_spirit":6,"minecraft:dandelion":2,"orcz:bone_1deco":1,"minecraft:gravel":10,"orcz:orcamanita":3,"minecraft:spruce_log":4,"magistuarmory:rustedchainmail_leggings":1,"minecraft:spider_eye":5,"minecraft:slime_ball":2,"minecraft:stone_axe":1,"magistuarmory:rustedcrusader_boots":1,"minecraft:light_blue_carpet":10,"minecraft:coal":94},"minecraft:used":{"alexsmobs:emu_egg":1,"minecraft:iron_shovel":137,"minecraft:chest":8,"minecraft:shield":75,"tombstone:lollipop":1,"minecraft:carrot":3,"born_in_chaos_v1:smoked_flesh":9,"minecraft:dark_oak_slab":103,"minecraft:music_disc_wait":1,"minecraft:furnace":3,"grimoireofgaia:meat":4,"minecraft:potato":20,"minecraft:stone_pickaxe":82,"minecraft:oak_planks":3,"minecraft:wooden_pickaxe":13,"minecraft:oak_leaves":125,"minecraft:sand":42,"minecraft:shears":238,"minecraft:birch_fence":82,"born_in_chaos_v1:monster_flesh":1,"minecraft:melon_slice":65,"minecraft:bread":76,"tombstone:grave_key":29,"minecraft:gravel":9,"minecraft:oak_boat":2,"minecraft:bone_meal":12,"minecraft:jungle_leaves":4,"minecraft:enchanting_table":1,"minecraft:stone_sword":289,"minecraft:stone_shovel":96,"minecraft:spruce_planks":7,"minecraft:stone_hoe":151,"minecraft:cooked_chicken":3,"minecraft:orange_bed":2,"minecraft:torch":159,"minecraft:dirt":105,"minecraft:fern":1,"minecraft:birch_door":1,"minecraft:dark_oak_planks":355,"minecraft:wooden_axe":19,"minecraft:bookshelf":16,"minecraft:iron_axe":367,"tombstone:gift":6,"minecraft:enchanted_golden_apple":1,"minecraft:wheat_seeds":87,"minecraft:cooked_mutton":2,"minecraft:birch_planks":20,"minecraft:baked_potato":13,"minecraft:vine":8,"minecraft:crafting_table":10,"minecraft:red_bed":6,"tombstone:bag_of_seeds":1,"minecraft:diamond_pickaxe":176,"minecraft:iron_pickaxe":167,"minecraft:stone_axe":350,"orcz:bone_1deco":1,"minecraft:cobblestone":97,"minecraft:cooked_porkchop":6},"minecraft:killed_by":{"orcz:orcsavage_2sword":1,"born_in_chaos_v1:corpse_fly":1,"grimoireofgaia:arachne":2,"grimoireofgaia:toad":3,"mowziesmobs:umvuthi":1,"grimoireofgaia:cecaelia":1,"grimoireofgaia:deathword":1,"grimoireofgaia:harpy":1,"minecraft:witch":1,"minecraft:zombie":7,"grimoireofgaia:orc":2,"minecraft:spider":3,"born_in_chaos_v1:sir_pumpkinhead":1,"minecraft:skeleton":3,"grimoireofgaia:bee":1},"minecraft:custom":{"minecraft:interact_with_crafting_table":43,"minecraft:open_barrel":12,"minecraft:bell_ring":9,"minecraft:eat_cake_slice":2,"minecraft:leave_game":16,"minecraft:time_since_death":12825,"minecraft:damage_resisted":14,"minecraft:sprint_one_cm":1418820,"minecraft:damage_blocked_by_shield":4966,"minecraft:drop":63,"tombstone:eaten_lollipop":1,"minecraft:play_noteblock":1,"minecraft:talked_to_villager":14,"minecraft:play_time":438486,"minecraft:deaths":31,"minecraft:jump":6138,"minecraft:walk_on_water_one_cm":49901,"minecraft:interact_with_furnace":30,"minecraft:play_record":1,"minecraft:traded_with_villager":2,"minecraft:sleep_in_bed":14,"minecraft:damage_dealt":11676,"minecraft:player_kills":1,"minecraft:crouch_one_cm":50129,"tombstone:undead_killed":18,"minecraft:mob_kills":64,"minecraft:damage_dealt_resisted":159,"minecraft:climb_one_cm":58900,"minecraft:walk_one_cm":1216666,"minecraft:sneak_time":13450,"minecraft:walk_under_water_one_cm":19997,"minecraft:boat_one_cm":58590,"minecraft:total_world_time":438486,"minecraft:tune_noteblock":4,"minecraft:time_since_rest":6486,"minecraft:damage_taken":14678,"minecraft:damage_absorbed":29,"minecraft:swim_one_cm":110290,"minecraft:fly_one_cm":1061926,"minecraft:open_chest":174,"minecraft:fall_one_cm":152777},"minecraft:broken":{"magistuarmory:rustedcrusader_boots":1,"minecraft:shears":1,"minecraft:stone_axe":4,"minecraft:leather_helmet":1,"minecraft:chainmail_helmet":1,"minecraft:leather_chestplate":1,"minecraft:shield":1,"minecraft:iron_axe":2,"minecraft:leather_boots":1},"minecraft:mined":{"minecraft:dark_oak_planks":8,"minecraft:spruce_planks":7,"orcz:orcamanita":1,"minecraft:andesite_stairs":1,"minecraft:jungle_leaves":111,"minecraft:brewing_stand":3,"minecraft:light_blue_carpet":14,"minecraft:acacia_log":31,"minecraft:grass_block":69,"minecraft:yellow_carpet":7,"minecraft:oak_pressure_plate":1,"minecraft:spawner":11,"minecraft:magma_block":1,"minecraft:iron_ore":1,"ancient_elements:tin_ore":5,"minecraft:enchanting_table":2,"minecraft:red_tulip":1,"minecraft:water_cauldron":2,"minecraft:iron_bars":14,"minecraft:orange_bed":2,"minecraft:red_bed":3,"minecraft:blackstone":2,"minecraft:kelp_plant":2,"minecraft:orange_terracotta":1,"minecraft:torch":17,"minecraft:note_block":1,"minecraft:melon":17,"minecraft:chest":7,"ancient_elements:cloud":1,"minecraft:cobblestone":29,"minecraft:sugar_cane":1,"minecraft:oak_planks":2,"minecraft:wall_torch":20,"minecraft:chain":2,"minecraft:dark_oak_slab":1,"minecraft:birch_log":43,"orcz:orcagaric":1,"minecraft:wheat":46,"born_in_chaos_v1:river_mint":2,"minecraft:grass":182,"minecraft:oak_log":18,"minecraft:sand":92,"minecraft:dirt":68,"minecraft:oak_leaves":154,"minecraft:red_carpet":2,"ancient_elements:lead_ore":4,"minecraft:dark_oak_leaves":6,"minecraft:dark_oak_log":110,"minecraft:lever":1,"minecraft:spruce_fence":2,"ancient_elements:meteorite_block":6,"minecraft:kelp":2,"orcz:bone_1deco":1,"minecraft:hay_block":14,"minecraft:furnace":2,"minecraft:carrots":1,"minecraft:acacia_wood":4,"minecraft:acacia_stairs":3,"minecraft:andesite":1,"minecraft:gold_block":1,"minecraft:bookshelf":33,"minecraft:potatoes":18,"minecraft:vine":22,"minecraft:stone":241,"minecraft:white_tulip":1,"minecraft:bone_block":3,"minecraft:podzol":1,"minecraft:acacia_leaves":1,"minecraft:red_wool":4,"minecraft:dandelion":2,"minecraft:crafting_table":4,"minecraft:cornflower":3,"minecraft:tall_grass":64,"minecraft:diorite":2,"minecraft:birch_planks":20,"minecraft:coarse_dirt":14,"minecraft:spruce_log":2,"minecraft:birch_leaves":3,"minecraft:coal_ore":69,"minecraft:gravel":12,"minecraft:cracked_stone_bricks":4,"minecraft:acacia_planks":1,"minecraft:stone_bricks":3,"minecraft:birch_fence":2,"minecraft:fern":3},"minecraft:dropped":{"minecraft:baked_potato":1,"minecraft:cooked_porkchop":5,"minecraft:gold_block":1,"born_in_chaos_v1:monster_flesh":1,"minecraft:dirt":3,"minecraft:cornflower":4,"minecraft:gravel":1,"minecraft:sugar_cane":1,"minecraft:iron_nugget":2,"minecraft:rotten_flesh":15,"minecraft:cooked_mutton":4,"minecraft:leather_chestplate":1,"minecraft:iron_ingot":3,"minecraft:bread":10,"minecraft:wheat_seeds":22,"minecraft:cobblestone":3,"orcz:orcagaric":3,"minecraft:golden_apple":1,"born_in_chaos_v1:river_mint":1,"minecraft:wooden_axe":1,"tombstone:voodoo_poppet":1,"minecraft:music_disc_cat":1,"minecraft:bricks":1,"minecraft:coarse_dirt":14,"minecraft:stone_shovel":2,"orcz:orcamanita":1,"minecraft:filled_map":1,"minecraft:diamond_pickaxe":1,"minecraft:andesite":2,"minecraft:spider_eye":1,"minecraft:wooden_pickaxe":1,"minecraft:stripped_spruce_wood":1}},"DataVersion":3465}