{"stats":{"minecraft:crafted":{"minecraft:oak_planks":32,"minecraft:cooked_chicken":3,"minecraft:bookshelf":16,"minecraft:cooked_mutton":9,"minecraft:chest":1,"minecraft:birch_door":3,"minecraft:stone_hoe":3,"minecraft:cooked_porkchop":9,"minecraft:crafting_table":8,"minecraft:spruce_planks":16,"minecraft:wooden_pickaxe":1,"minecraft:baked_potato":21,"minecraft:birch_planks":116,"minecraft:iron_chestplate":1,"minecraft:shield":2,"minecraft:birch_fence":60,"minecraft:stick":92,"minecraft:leather_chestplate":1,"minecraft:iron_pickaxe":1,"minecraft:stone_sword":1,"minecraft:shears":1,"minecraft:stone_shovel":2,"minecraft:leather_leggings":1,"minecraft:furnace":1,"minecraft:bone_meal":12,"minecraft:iron_axe":2,"minecraft:stone_pickaxe":2,"minecraft:dark_oak_planks":232,"minecraft:wheat":126,"minecraft:red_dye":2,"minecraft:red_bed":2,"minecraft:stone_axe":3,"minecraft:bread":48,"minecraft:air":0,"minecraft:wooden_axe":1,"minecraft:iron_shovel":1,"minecraft:white_bed":2,"minecraft:acacia_planks":116,"minecraft:torch":76},"minecraft:killed":{"minecraft:cave_spider":2,"minecraft:witch":1,"born_in_chaos_v1:restless_spirit":2,"minecraft:spider":7,"minecraft:skeleton":1,"orcz:goblinsavagebomb":1,"minecraft:chicken":3,"minecraft:pig":5,"orcz:goblinsavagemace":1,"minecraft:sheep":6,"minecraft:zombie":10,"born_in_chaos_v1:corpse_fly":1,"grimoireofgaia:harpy":1,"orcz:orcsavage_2sword":1,"orcz:snot":2,"born_in_chaos_v1:maggot":1,"orcz:orcsavagemace":1,"alexsmobs:flying_fish":3,"born_in_chaos_v1:decrepit_skeleton":3,"alexsmobs:catfish":1},"minecraft:picked_up":{"minecraft:wheat":43,"minecraft:enchanted_book":1,"minecraft:brewing_stand":3,"minecraft:string":7,"ancient_elements:meteorite_block":5,"minecraft:gold_nugget":10,"minecraft:spruce_planks":13,"minecraft:white_tulip":1,"minecraft:redstone_torch":1,"minecraft:iron_pickaxe":1,"minecraft:melon_slice":81,"minecraft:furnace":2,"minecraft:stick":9,"born_in_chaos_v1:shattered_skull":9,"minecraft:torch":33,"minecraft:acacia_log":29,"minecraft:porkchop":13,"tombstone:grave_dust":7,"minecraft:diorite":2,"minecraft:vine":5,"minecraft:cauldron":2,"tombstone:lollipop":1,"minecraft:orange_bed":2,"minecraft:rotten_flesh":14,"minecraft:red_tulip":1,"alexsmobs:emu_egg":4,"minecraft:iron_bars":12,"minecraft:cobblestone":171,"alexsmobs:flying_fish":8,"minecraft:enchanting_table":2,"minecraft:birch_log":29,"minecraft:feather":3,"orcz:orcteeth":12,"minecraft:andesite":7,"minecraft:golden_leggings":2,"minecraft:potato":72,"ancient_elements:raw_lead":4,"minecraft:stripped_spruce_wood":1,"minecraft:lapis_lazuli":1,"minecraft:dirt":115,"minecraft:bone":17,"minecraft:acacia_planks":1,"minecraft:wheat_seeds":148,"minecraft:oak_planks":1,"orcz:orcagaric":5,"minecraft:sand":99,"minecraft:acacia_stairs":3,"minecraft:dark_oak_log":60,"minecraft:jungle_leaves":37,"minecraft:lever":1,"minecraft:golden_apple":1,"minecraft:bread":17,"orcz:ironscrap":15,"minecraft:oak_sapling":5,"minecraft:bricks":1,"minecraft:dark_oak_fence":2,"minecraft:diamond_pickaxe":1,"minecraft:coarse_dirt":28,"minecraft:crafting_table":3,"minecraft:chicken":3,"born_in_chaos_v1:river_mint":1,"minecraft:wooden_pickaxe":1,"minecraft:cooked_rabbit":1,"minecraft:gold_block":1,"minecraft:chain":4,"minecraft:cornflower":4,"minecraft:red_bed":4,"minecraft:iron_shovel":2,"minecraft:blackstone":4,"minecraft:cracked_stone_bricks":1,"minecraft:andesite_stairs":1,"minecraft:oak_boat":5,"minecraft:jungle_sapling":1,"minecraft:iron_nugget":17,"minecraft:poppy":1,"minecraft:birch_sapling":3,"tombstone:tablet_of_assistance":1,"minecraft:sugar_cane":1,"minecraft:chest":7,"minecraft:egg":7,"minecraft:dark_oak_sapling":2,"minecraft:raw_iron":2,"minecraft:sandstone":6,"grimoireofgaia:meat":4,"ancient_elements:raw_tin":5,"minecraft:carrot":6,"minecraft:dark_oak_planks":2,"minecraft:arrow":20,"minecraft:stone_shovel":1,"grimoireofgaia:bag_book":1,"minecraft:hay_block":14,"minecraft:glow_berries":6,"minecraft:mutton":10,"minecraft:white_wool":10,"minecraft:bone_block":6,"born_in_chaos_v1:corpse_maggot":3,"born_in_chaos_v1:monster_flesh":6,"minecraft:leather":3,"alexsmobs:acacia_blossom":1,"minecraft:birch_planks":21,"minecraft:oak_log":18,"minecraft:golden_boots":1,"tombstone:voodoo_poppet":1,"minecraft:paper":30,"minecraft:orange_terracotta":1,"minecraft:cooked_mutton":1,"minecraft:apple":11,"minecraft:stone_bricks":3,"minecraft:kelp":2,"minecraft:acacia_sapling":2,"minecraft:book":100,"minecraft:red_wool":4,"born_in_chaos_v1:ethereal_spirit":6,"minecraft:dandelion":2,"orcz:bone_1deco":1,"minecraft:gravel":10,"orcz:orcamanita":3,"minecraft:spruce_log":4,"magistuarmory:rustedchainmail_leggings":1,"minecraft:spider_eye":5,"minecraft:stone_axe":1,"magistuarmory:rustedcrusader_boots":1,"minecraft:light_blue_carpet":10,"minecraft:coal":94},"minecraft:used":{"minecraft:iron_shovel":137,"minecraft:chest":8,"minecraft:shield":61,"tombstone:lollipop":1,"minecraft:carrot":3,"born_in_chaos_v1:smoked_flesh":9,"minecraft:music_disc_wait":1,"minecraft:furnace":3,"grimoireofgaia:meat":4,"minecraft:potato":20,"minecraft:stone_pickaxe":82,"minecraft:oak_planks":3,"minecraft:wooden_pickaxe":13,"minecraft:sand":37,"minecraft:shears":62,"minecraft:birch_fence":38,"born_in_chaos_v1:monster_flesh":1,"minecraft:melon_slice":65,"minecraft:bread":76,"tombstone:grave_key":27,"minecraft:gravel":9,"minecraft:oak_boat":2,"minecraft:bone_meal":12,"minecraft:enchanting_table":1,"minecraft:stone_sword":289,"minecraft:stone_shovel":96,"minecraft:spruce_planks":7,"minecraft:stone_hoe":151,"minecraft:cooked_chicken":3,"minecraft:orange_bed":2,"minecraft:torch":135,"minecraft:dirt":105,"minecraft:birch_door":1,"minecraft:dark_oak_planks":112,"minecraft:wooden_axe":19,"minecraft:bookshelf":16,"minecraft:iron_axe":297,"tombstone:gift":6,"minecraft:enchanted_golden_apple":1,"minecraft:wheat_seeds":87,"minecraft:cooked_mutton":2,"minecraft:birch_planks":20,"minecraft:baked_potato":3,"minecraft:vine":5,"minecraft:crafting_table":10,"minecraft:red_bed":6,"minecraft:diamond_pickaxe":176,"minecraft:iron_pickaxe":131,"minecraft:stone_axe":290,"orcz:bone_1deco":1,"minecraft:cobblestone":97,"minecraft:cooked_porkchop":6},"minecraft:killed_by":{"orcz:orcsavage_2sword":1,"grimoireofgaia:arachne":2,"grimoireofgaia:toad":1,"mowziesmobs:umvuthi":1,"grimoireofgaia:deathword":1,"grimoireofgaia:harpy":1,"minecraft:witch":1,"minecraft:zombie":7,"grimoireofgaia:orc":2,"minecraft:spider":3,"born_in_chaos_v1:sir_pumpkinhead":1,"minecraft:skeleton":3,"grimoireofgaia:bee":1},"minecraft:custom":{"minecraft:interact_with_crafting_table":38,"minecraft:open_barrel":12,"minecraft:bell_ring":9,"minecraft:eat_cake_slice":2,"minecraft:leave_game":16,"minecraft:time_since_death":64478,"minecraft:damage_resisted":14,"minecraft:sprint_one_cm":1351978,"minecraft:damage_blocked_by_shield":4291,"minecraft:drop":54,"tombstone:eaten_lollipop":1,"minecraft:play_noteblock":1,"minecraft:talked_to_villager":14,"minecraft:play_time":375636,"minecraft:deaths":26,"minecraft:jump":5745,"minecraft:walk_on_water_one_cm":42985,"minecraft:interact_with_furnace":25,"minecraft:play_record":1,"minecraft:traded_with_villager":2,"minecraft:sleep_in_bed":10,"minecraft:damage_dealt":9841,"minecraft:player_kills":1,"minecraft:crouch_one_cm":21617,"tombstone:undead_killed":14,"minecraft:mob_kills":53,"minecraft:damage_dealt_resisted":159,"minecraft:climb_one_cm":36374,"minecraft:walk_one_cm":1012276,"minecraft:sneak_time":6705,"minecraft:walk_under_water_one_cm":18374,"minecraft:boat_one_cm":58590,"minecraft:total_world_time":375636,"minecraft:tune_noteblock":4,"minecraft:time_since_rest":78,"minecraft:damage_taken":12799,"minecraft:damage_absorbed":29,"minecraft:swim_one_cm":100803,"minecraft:fly_one_cm":1027256,"minecraft:open_chest":164,"minecraft:fall_one_cm":140503},"minecraft:broken":{"magistuarmory:rustedcrusader_boots":1,"minecraft:stone_axe":3,"minecraft:leather_helmet":1,"minecraft:leather_chestplate":1,"minecraft:iron_axe":1,"minecraft:leather_boots":1},"minecraft:mined":{"minecraft:dark_oak_planks":2,"minecraft:spruce_planks":7,"orcz:orcamanita":1,"minecraft:andesite_stairs":1,"minecraft:jungle_leaves":63,"minecraft:brewing_stand":3,"minecraft:light_blue_carpet":14,"minecraft:acacia_log":31,"minecraft:grass_block":69,"minecraft:yellow_carpet":7,"minecraft:oak_pressure_plate":1,"minecraft:spawner":11,"minecraft:magma_block":1,"minecraft:iron_ore":1,"ancient_elements:tin_ore":5,"minecraft:enchanting_table":2,"minecraft:red_tulip":1,"minecraft:water_cauldron":2,"minecraft:iron_bars":14,"minecraft:orange_bed":2,"minecraft:red_bed":3,"minecraft:blackstone":2,"minecraft:kelp_plant":2,"minecraft:orange_terracotta":1,"minecraft:torch":10,"minecraft:note_block":1,"minecraft:melon":17,"minecraft:chest":7,"ancient_elements:cloud":1,"minecraft:cobblestone":29,"minecraft:sugar_cane":1,"minecraft:oak_planks":2,"minecraft:wall_torch":19,"minecraft:chain":2,"minecraft:birch_log":30,"orcz:orcagaric":1,"minecraft:wheat":46,"born_in_chaos_v1:river_mint":2,"minecraft:grass":178,"minecraft:oak_log":18,"minecraft:sand":89,"minecraft:dirt":68,"minecraft:oak_leaves":3,"minecraft:red_carpet":2,"ancient_elements:lead_ore":4,"minecraft:dark_oak_leaves":4,"minecraft:dark_oak_log":61,"minecraft:lever":1,"minecraft:spruce_fence":2,"ancient_elements:meteorite_block":6,"minecraft:kelp":2,"orcz:bone_1deco":1,"minecraft:hay_block":14,"minecraft:furnace":2,"minecraft:carrots":1,"minecraft:acacia_wood":4,"minecraft:acacia_stairs":3,"minecraft:andesite":1,"minecraft:gold_block":1,"minecraft:bookshelf":33,"minecraft:potatoes":18,"minecraft:vine":8,"minecraft:stone":205,"minecraft:white_tulip":1,"minecraft:bone_block":3,"minecraft:podzol":1,"minecraft:acacia_leaves":1,"minecraft:red_wool":4,"minecraft:dandelion":2,"minecraft:crafting_table":4,"minecraft:cornflower":3,"minecraft:tall_grass":64,"minecraft:diorite":2,"minecraft:birch_planks":20,"minecraft:coarse_dirt":14,"minecraft:spruce_log":2,"minecraft:birch_leaves":3,"minecraft:coal_ore":69,"minecraft:gravel":12,"minecraft:cracked_stone_bricks":4,"minecraft:acacia_planks":1,"minecraft:stone_bricks":3,"minecraft:fern":1},"minecraft:dropped":{"minecraft:cooked_porkchop":5,"minecraft:gold_block":1,"minecraft:dirt":3,"minecraft:cornflower":4,"minecraft:gravel":1,"minecraft:sugar_cane":1,"minecraft:iron_nugget":2,"minecraft:rotten_flesh":8,"minecraft:cooked_mutton":4,"minecraft:leather_chestplate":1,"minecraft:iron_ingot":3,"minecraft:bread":10,"minecraft:wheat_seeds":22,"minecraft:cobblestone":3,"orcz:orcagaric":3,"minecraft:golden_apple":1,"born_in_chaos_v1:river_mint":1,"minecraft:wooden_axe":1,"tombstone:voodoo_poppet":1,"minecraft:music_disc_cat":1,"minecraft:bricks":1,"minecraft:coarse_dirt":14,"minecraft:stone_shovel":2,"orcz:orcamanita":1,"minecraft:filled_map":1,"minecraft:diamond_pickaxe":1,"minecraft:andesite":2,"minecraft:spider_eye":1,"minecraft:wooden_pickaxe":1,"minecraft:stripped_spruce_wood":1}},"DataVersion":3465}