{"stats":{"minecraft:crafted":{"minecraft:oak_planks":32,"minecraft:stone_shovel":2,"minecraft:leather_leggings":1,"minecraft:cooked_chicken":3,"minecraft:furnace":1,"minecraft:bone_meal":12,"minecraft:bookshelf":16,"minecraft:cooked_mutton":9,"minecraft:iron_axe":2,"minecraft:stone_pickaxe":2,"minecraft:chest":1,"minecraft:birch_door":3,"minecraft:stone_hoe":1,"minecraft:wheat":126,"minecraft:red_dye":2,"minecraft:cooked_porkchop":9,"minecraft:crafting_table":8,"minecraft:spruce_planks":8,"minecraft:wooden_pickaxe":1,"minecraft:red_bed":2,"minecraft:birch_planks":28,"minecraft:stone_axe":3,"minecraft:bread":42,"minecraft:air":0,"minecraft:shield":1,"minecraft:stick":48,"minecraft:leather_chestplate":1,"minecraft:iron_pickaxe":1,"minecraft:wooden_axe":1,"minecraft:stone_sword":1,"minecraft:iron_shovel":1,"minecraft:white_bed":2,"minecraft:acacia_planks":112,"minecraft:torch":68},"minecraft:killed":{"minecraft:cave_spider":2,"minecraft:witch":1,"born_in_chaos_v1:restless_spirit":2,"minecraft:spider":7,"born_in_chaos_v1:maggot":1,"minecraft:skeleton":1,"orcz:goblinsavagebomb":1,"minecraft:chicken":3,"orcz:orcsavagemace":1,"alexsmobs:flying_fish":3,"minecraft:pig":5,"orcz:goblinsavagemace":1,"born_in_chaos_v1:decrepit_skeleton":2,"minecraft:sheep":6,"minecraft:zombie":9,"grimoireofgaia:harpy":1,"orcz:orcsavage_2sword":1},"minecraft:picked_up":{"minecraft:coarse_dirt":14,"minecraft:crafting_table":2,"minecraft:wheat":17,"minecraft:chicken":3,"minecraft:wooden_pickaxe":1,"minecraft:cooked_rabbit":1,"minecraft:gold_block":1,"minecraft:chain":2,"minecraft:brewing_stand":2,"minecraft:cornflower":4,"minecraft:string":7,"minecraft:red_bed":4,"minecraft:iron_shovel":2,"ancient_elements:meteorite_block":1,"minecraft:cracked_stone_bricks":1,"minecraft:gold_nugget":10,"minecraft:andesite_stairs":1,"minecraft:white_tulip":1,"minecraft:oak_boat":4,"minecraft:redstone_torch":1,"minecraft:iron_nugget":15,"minecraft:poppy":1,"minecraft:melon_slice":63,"minecraft:chest":4,"minecraft:birch_sapling":3,"minecraft:furnace":1,"minecraft:egg":5,"minecraft:stick":6,"minecraft:sandstone":6,"grimoireofgaia:meat":4,"born_in_chaos_v1:shattered_skull":6,"minecraft:torch":21,"minecraft:acacia_log":28,"minecraft:porkchop":13,"ancient_elements:raw_tin":5,"tombstone:grave_dust":4,"minecraft:carrot":6,"minecraft:cauldron":1,"tombstone:lollipop":1,"minecraft:orange_bed":1,"minecraft:arrow":4,"minecraft:stone_shovel":1,"minecraft:rotten_flesh":12,"grimoireofgaia:bag_book":1,"minecraft:hay_block":14,"minecraft:red_tulip":1,"alexsmobs:emu_egg":3,"minecraft:mutton":10,"minecraft:iron_bars":12,"alexsmobs:flying_fish":8,"minecraft:white_wool":10,"minecraft:cobblestone":157,"minecraft:birch_log":12,"minecraft:enchanting_table":1,"born_in_chaos_v1:corpse_maggot":1,"minecraft:feather":3,"orcz:orcteeth":6,"born_in_chaos_v1:monster_flesh":1,"minecraft:andesite":5,"alexsmobs:acacia_blossom":1,"minecraft:potato":17,"minecraft:birch_planks":2,"ancient_elements:raw_lead":4,"minecraft:stripped_spruce_wood":1,"minecraft:oak_log":18,"tombstone:voodoo_poppet":1,"minecraft:lapis_lazuli":1,"minecraft:dirt":57,"minecraft:paper":20,"minecraft:orange_terracotta":1,"minecraft:cooked_mutton":1,"minecraft:bone":6,"minecraft:acacia_planks":1,"minecraft:stone_bricks":3,"minecraft:kelp":2,"minecraft:wheat_seeds":78,"minecraft:acacia_sapling":2,"minecraft:oak_planks":1,"minecraft:book":52,"minecraft:red_wool":2,"minecraft:gravel":9,"born_in_chaos_v1:ethereal_spirit":3,"minecraft:dandelion":2,"orcz:bone_1deco":1,"minecraft:sand":39,"minecraft:spruce_log":2,"minecraft:acacia_stairs":3,"magistuarmory:rustedchainmail_leggings":1,"minecraft:spider_eye":5,"minecraft:lever":1,"minecraft:light_blue_carpet":10,"magistuarmory:rustedcrusader_boots":1,"minecraft:bread":17,"orcz:ironscrap":2,"minecraft:oak_sapling":5,"minecraft:bricks":1,"minecraft:coal":66,"minecraft:diamond_pickaxe":1},"minecraft:used":{"minecraft:stone_sword":289,"minecraft:enchanting_table":1,"minecraft:iron_shovel":47,"minecraft:stone_shovel":96,"minecraft:chest":4,"minecraft:shield":61,"tombstone:lollipop":1,"minecraft:stone_hoe":104,"minecraft:cooked_chicken":3,"minecraft:orange_bed":1,"minecraft:torch":101,"minecraft:dirt":51,"minecraft:carrot":3,"minecraft:birch_door":1,"minecraft:wooden_axe":19,"minecraft:bookshelf":16,"minecraft:iron_axe":148,"minecraft:music_disc_wait":1,"minecraft:furnace":2,"tombstone:gift":6,"grimoireofgaia:meat":1,"minecraft:potato":20,"minecraft:enchanted_golden_apple":1,"minecraft:wheat_seeds":40,"minecraft:cooked_mutton":2,"minecraft:stone_pickaxe":82,"minecraft:oak_planks":3,"minecraft:wooden_pickaxe":13,"minecraft:sand":37,"minecraft:crafting_table":8,"minecraft:red_bed":6,"minecraft:diamond_pickaxe":176,"born_in_chaos_v1:monster_flesh":1,"minecraft:bread":51,"minecraft:melon_slice":62,"minecraft:iron_pickaxe":90,"tombstone:grave_key":23,"minecraft:gravel":6,"minecraft:stone_axe":234,"orcz:bone_1deco":1,"minecraft:cobblestone":92,"minecraft:cooked_porkchop":6,"minecraft:oak_boat":2,"minecraft:bone_meal":12},"minecraft:killed_by":{"grimoireofgaia:orc":2,"minecraft:spider":3,"grimoireofgaia:arachne":2,"mowziesmobs:umvuthi":1,"grimoireofgaia:deathword":1,"minecraft:skeleton":3,"grimoireofgaia:harpy":1,"minecraft:witch":1,"minecraft:zombie":6,"grimoireofgaia:bee":1},"minecraft:custom":{"minecraft:mob_kills":47,"minecraft:interact_with_crafting_table":28,"minecraft:open_barrel":12,"minecraft:bell_ring":9,"minecraft:damage_dealt_resisted":159,"minecraft:eat_cake_slice":2,"minecraft:leave_game":11,"minecraft:time_since_death":32319,"minecraft:climb_one_cm":3002,"minecraft:damage_resisted":14,"minecraft:sprint_one_cm":970591,"minecraft:walk_one_cm":818392,"minecraft:damage_blocked_by_shield":4291,"minecraft:drop":41,"tombstone:eaten_lollipop":1,"minecraft:play_noteblock":1,"minecraft:talked_to_villager":14,"minecraft:play_time":262238,"minecraft:sneak_time":2920,"minecraft:deaths":22,"minecraft:walk_under_water_one_cm":10596,"minecraft:boat_one_cm":58590,"minecraft:jump":4071,"minecraft:walk_on_water_one_cm":21842,"minecraft:total_world_time":262238,"minecraft:interact_with_furnace":19,"minecraft:play_record":1,"minecraft:traded_with_villager":2,"minecraft:tune_noteblock":4,"minecraft:sleep_in_bed":6,"minecraft:time_since_rest":15966,"minecraft:damage_taken":10265,"minecraft:damage_absorbed":29,"minecraft:damage_dealt":8956,"minecraft:swim_one_cm":64058,"minecraft:fly_one_cm":703593,"minecraft:open_chest":130,"minecraft:crouch_one_cm":8762,"tombstone:undead_killed":12,"minecraft:fall_one_cm":95637},"minecraft:mined":{"minecraft:red_carpet":2,"ancient_elements:lead_ore":4,"minecraft:andesite_stairs":1,"minecraft:light_blue_carpet":14,"minecraft:brewing_stand":2,"minecraft:lever":1,"minecraft:spruce_fence":2,"minecraft:acacia_log":28,"minecraft:grass_block":28,"minecraft:yellow_carpet":7,"minecraft:oak_pressure_plate":1,"ancient_elements:meteorite_block":1,"minecraft:kelp":2,"orcz:bone_1deco":1,"minecraft:spawner":11,"minecraft:hay_block":14,"minecraft:furnace":1,"minecraft:carrots":1,"minecraft:acacia_wood":2,"minecraft:andesite":1,"minecraft:acacia_stairs":3,"ancient_elements:tin_ore":5,"minecraft:gold_block":1,"minecraft:enchanting_table":1,"minecraft:bookshelf":17,"minecraft:red_tulip":1,"minecraft:potatoes":4,"minecraft:water_cauldron":1,"minecraft:iron_bars":14,"minecraft:white_tulip":1,"minecraft:stone":191,"minecraft:orange_bed":1,"minecraft:acacia_leaves":1,"minecraft:red_wool":4,"minecraft:red_bed":3,"minecraft:kelp_plant":2,"minecraft:orange_terracotta":1,"minecraft:dandelion":2,"minecraft:cornflower":3,"minecraft:crafting_table":3,"minecraft:torch":5,"minecraft:note_block":1,"minecraft:melon":13,"minecraft:chest":4,"ancient_elements:cloud":1,"minecraft:tall_grass":62,"minecraft:cobblestone":29,"minecraft:oak_planks":2,"minecraft:wall_torch":15,"minecraft:chain":2,"minecraft:coarse_dirt":14,"minecraft:birch_log":12,"minecraft:wheat":26,"minecraft:spruce_log":2,"minecraft:birch_leaves":1,"born_in_chaos_v1:river_mint":1,"minecraft:grass":170,"minecraft:oak_log":18,"minecraft:coal_ore":66,"minecraft:gravel":9,"minecraft:dirt":50,"minecraft:sand":52,"minecraft:cracked_stone_bricks":4,"minecraft:acacia_planks":1,"minecraft:stone_bricks":3,"minecraft:oak_leaves":1},"minecraft:broken":{"minecraft:leather_helmet":1,"minecraft:leather_chestplate":1,"minecraft:iron_axe":1,"minecraft:leather_boots":1,"minecraft:stone_axe":2},"minecraft:dropped":{"minecraft:iron_ingot":3,"minecraft:bread":10,"minecraft:wheat_seeds":22,"minecraft:cooked_porkchop":5,"minecraft:gold_block":1,"minecraft:cornflower":4,"minecraft:wooden_axe":1,"tombstone:voodoo_poppet":1,"minecraft:music_disc_cat":1,"minecraft:bricks":1,"minecraft:iron_nugget":1,"minecraft:stone_shovel":2,"minecraft:rotten_flesh":8,"minecraft:cooked_mutton":4,"minecraft:filled_map":1,"minecraft:leather_chestplate":1,"minecraft:diamond_pickaxe":1,"minecraft:spider_eye":1,"minecraft:wooden_pickaxe":1}},"DataVersion":3465}