{"stats":{"minecraft:crafted":{"minecraft:oak_planks":16,"minecraft:stone_shovel":2,"minecraft:leather_leggings":1,"minecraft:cooked_chicken":3,"minecraft:furnace":1,"minecraft:cooked_mutton":9,"minecraft:stone_pickaxe":2,"minecraft:chest":1,"minecraft:birch_door":3,"minecraft:stone_hoe":1,"minecraft:wheat":63,"minecraft:red_dye":2,"minecraft:cooked_porkchop":9,"minecraft:crafting_table":4,"minecraft:wooden_pickaxe":1,"minecraft:red_bed":2,"minecraft:birch_planks":24,"minecraft:stone_axe":1,"minecraft:bread":21,"minecraft:air":0,"minecraft:shield":1,"minecraft:stick":24,"minecraft:leather_chestplate":1,"minecraft:iron_pickaxe":1,"minecraft:wooden_axe":1,"minecraft:stone_sword":1,"minecraft:white_bed":2,"minecraft:acacia_planks":8,"minecraft:torch":20},"minecraft:killed":{"minecraft:spider":3,"minecraft:chicken":3,"alexsmobs:flying_fish":3,"minecraft:pig":5,"minecraft:sheep":6},"minecraft:picked_up":{"minecraft:crafting_table":1,"minecraft:wheat":9,"minecraft:chicken":3,"minecraft:wooden_pickaxe":1,"minecraft:cornflower":2,"minecraft:string":4,"minecraft:red_bed":4,"ancient_elements:meteorite_block":1,"minecraft:gold_nugget":10,"minecraft:oak_boat":3,"minecraft:iron_nugget":13,"minecraft:poppy":1,"minecraft:melon_slice":57,"minecraft:chest":1,"minecraft:birch_sapling":3,"minecraft:egg":1,"minecraft:furnace":1,"minecraft:stick":4,"minecraft:sandstone":6,"grimoireofgaia:meat":4,"minecraft:torch":11,"minecraft:acacia_log":2,"minecraft:porkchop":13,"ancient_elements:raw_tin":5,"minecraft:cauldron":1,"minecraft:orange_bed":1,"minecraft:arrow":2,"grimoireofgaia:bag_book":1,"minecraft:hay_block":7,"minecraft:red_tulip":1,"alexsmobs:emu_egg":1,"minecraft:cobblestone":70,"minecraft:mutton":10,"minecraft:white_wool":10,"minecraft:iron_bars":7,"alexsmobs:flying_fish":8,"minecraft:birch_log":12,"minecraft:feather":3,"born_in_chaos_v1:monster_flesh":1,"minecraft:andesite":4,"minecraft:birch_planks":2,"minecraft:oak_log":18,"tombstone:voodoo_poppet":1,"minecraft:paper":10,"minecraft:lapis_lazuli":1,"minecraft:dirt":41,"minecraft:cooked_mutton":1,"minecraft:bone":1,"minecraft:acacia_planks":1,"minecraft:kelp":2,"minecraft:wheat_seeds":48,"minecraft:acacia_sapling":1,"minecraft:oak_planks":1,"minecraft:book":7,"minecraft:dandelion":2,"minecraft:sand":39,"minecraft:acacia_stairs":3,"minecraft:spider_eye":3,"minecraft:light_blue_carpet":10,"minecraft:bread":17,"minecraft:oak_sapling":5,"minecraft:bricks":1,"minecraft:coal":66,"minecraft:diamond_pickaxe":1},"minecraft:used":{"minecraft:stone_sword":266,"minecraft:stone_shovel":96,"minecraft:chest":2,"minecraft:shield":26,"minecraft:stone_hoe":104,"minecraft:cooked_chicken":3,"minecraft:orange_bed":1,"minecraft:torch":35,"minecraft:dirt":40,"minecraft:birch_door":1,"minecraft:wooden_axe":19,"minecraft:furnace":2,"tombstone:gift":4,"minecraft:wheat_seeds":39,"minecraft:cooked_mutton":2,"minecraft:stone_pickaxe":82,"minecraft:wooden_pickaxe":12,"minecraft:sand":37,"minecraft:crafting_table":4,"minecraft:red_bed":6,"minecraft:diamond_pickaxe":54,"minecraft:melon_slice":19,"minecraft:bread":31,"minecraft:iron_pickaxe":1,"tombstone:grave_key":9,"minecraft:stone_axe":73,"minecraft:cobblestone":15,"minecraft:cooked_porkchop":4,"minecraft:oak_boat":2},"minecraft:killed_by":{"grimoireofgaia:orc":2,"mowziesmobs:umvuthi":1,"grimoireofgaia:deathword":1,"minecraft:skeleton":2,"grimoireofgaia:harpy":1,"minecraft:zombie":3},"minecraft:custom":{"minecraft:mob_kills":20,"minecraft:interact_with_crafting_table":19,"minecraft:bell_ring":9,"minecraft:leave_game":3,"minecraft:time_since_death":488,"minecraft:climb_one_cm":1976,"minecraft:sprint_one_cm":501745,"minecraft:walk_one_cm":448629,"minecraft:damage_blocked_by_shield":1470,"minecraft:drop":27,"minecraft:talked_to_villager":10,"minecraft:play_time":137930,"minecraft:deaths":10,"minecraft:sneak_time":1447,"minecraft:walk_under_water_one_cm":7134,"minecraft:boat_one_cm":58590,"minecraft:jump":2392,"minecraft:walk_on_water_one_cm":10543,"minecraft:total_world_time":137930,"minecraft:interact_with_furnace":18,"minecraft:traded_with_villager":2,"minecraft:sleep_in_bed":4,"minecraft:time_since_rest":1,"minecraft:damage_taken":4885,"minecraft:damage_dealt":2722,"minecraft:swim_one_cm":34150,"minecraft:fly_one_cm":379623,"minecraft:open_chest":51,"minecraft:crouch_one_cm":4888,"minecraft:fall_one_cm":45691},"minecraft:mined":{"minecraft:light_blue_carpet":14,"minecraft:acacia_log":2,"minecraft:grass_block":28,"minecraft:yellow_carpet":7,"ancient_elements:meteorite_block":1,"minecraft:kelp":2,"minecraft:hay_block":7,"minecraft:furnace":1,"ancient_elements:tin_ore":5,"minecraft:bookshelf":2,"minecraft:red_tulip":1,"minecraft:water_cauldron":1,"minecraft:iron_bars":5,"minecraft:stone":52,"minecraft:orange_bed":1,"minecraft:red_bed":3,"minecraft:kelp_plant":2,"minecraft:dandelion":2,"minecraft:cornflower":3,"minecraft:crafting_table":1,"minecraft:torch":2,"minecraft:melon":12,"minecraft:chest":1,"minecraft:tall_grass":58,"minecraft:cobblestone":13,"minecraft:oak_planks":2,"minecraft:wall_torch":9,"minecraft:birch_log":12,"minecraft:wheat":14,"minecraft:birch_leaves":1,"born_in_chaos_v1:river_mint":1,"minecraft:grass":162,"minecraft:oak_log":18,"minecraft:coal_ore":66,"minecraft:sand":51,"minecraft:dirt":16,"minecraft:acacia_planks":1,"minecraft:oak_leaves":1},"minecraft:broken":{"minecraft:leather_helmet":1},"minecraft:dropped":{"minecraft:iron_ingot":3,"minecraft:bread":10,"minecraft:wheat_seeds":6,"minecraft:cooked_porkchop":5,"tombstone:voodoo_poppet":1,"minecraft:bricks":1,"minecraft:stone_shovel":1,"minecraft:cooked_mutton":4,"minecraft:filled_map":1,"minecraft:diamond_pickaxe":1}},"DataVersion":3465}