{"stats":{"minecraft:crafted":{"minecraft:oak_planks":32,"minecraft:cooked_chicken":3,"minecraft:stone":171,"minecraft:bookshelf":16,"minecraft:cooked_mutton":9,"minecraft:glass":35,"minecraft:stone_brick_slab":102,"minecraft:chest":1,"minecraft:birch_door":3,"minecraft:jungle_stairs":16,"minecraft:stone_hoe":3,"minecraft:stone_bricks":168,"minecraft:cooked_porkchop":9,"minecraft:crafting_table":8,"minecraft:spruce_planks":16,"minecraft:wooden_pickaxe":1,"minecraft:baked_potato":38,"minecraft:birch_planks":168,"minecraft:dark_oak_slab":180,"minecraft:iron_chestplate":1,"minecraft:shield":2,"minecraft:birch_fence":96,"minecraft:stick":140,"minecraft:iron_ingot":5,"minecraft:leather_chestplate":1,"minecraft:iron_pickaxe":1,"minecraft:stone_sword":1,"minecraft:shears":1,"minecraft:stone_shovel":2,"minecraft:leather_leggings":1,"minecraft:furnace":2,"minecraft:bone_meal":12,"minecraft:glass_pane":80,"minecraft:iron_axe":3,"minecraft:stone_pickaxe":2,"minecraft:dark_oak_planks":676,"minecraft:wheat":126,"minecraft:red_dye":2,"minecraft:iron_sword":1,"minecraft:red_bed":2,"minecraft:stone_axe":5,"minecraft:bread":48,"minecraft:air":0,"minecraft:jungle_planks":32,"minecraft:wooden_axe":1,"minecraft:iron_shovel":1,"minecraft:white_bed":2,"minecraft:acacia_planks":116,"minecraft:torch":144},"minecraft:killed":{"grimoireofgaia:toad":1,"minecraft:cave_spider":2,"minecraft:witch":1,"born_in_chaos_v1:restless_spirit":2,"minecraft:spider":7,"minecraft:skeleton":1,"orcz:goblinsavagebomb":1,"minecraft:chicken":3,"minecraft:pig":5,"orcz:goblinsavagemace":1,"minecraft:sheep":6,"born_in_chaos_v1:zombie_fisherman":2,"minecraft:zombie":11,"born_in_chaos_v1:corpse_fly":7,"grimoireofgaia:harpy":1,"alexsmobs:fly":1,"orcz:orcsavage_2sword":1,"orcz:snot":2,"born_in_chaos_v1:zombie_bruiser":1,"born_in_chaos_v1:maggot":1,"orcz:orcsavagemace":1,"alexsmobs:flying_fish":3,"grimoireofgaia:cyan_flower":1,"born_in_chaos_v1:decrepit_skeleton":3,"alexsmobs:catfish":1,"grimoireofgaia:matango":1},"minecraft:picked_up":{"minecraft:wheat":90,"minecraft:enchanted_book":1,"minecraft:brewing_stand":3,"minecraft:string":7,"ancient_elements:meteorite_block":5,"minecraft:gold_nugget":10,"alexsmobs:banana":1,"minecraft:spruce_planks":13,"minecraft:white_tulip":1,"minecraft:rose_bush":8,"minecraft:redstone_torch":1,"minecraft:iron_pickaxe":1,"minecraft:melon_slice":81,"minecraft:furnace":3,"minecraft:stick":19,"born_in_chaos_v1:shattered_skull":9,"minecraft:torch":71,"minecraft:acacia_log":29,"minecraft:porkchop":13,"tombstone:grave_dust":8,"minecraft:diorite":2,"minecraft:vine":17,"minecraft:cauldron":2,"tombstone:lollipop":1,"minecraft:orange_bed":2,"minecraft:rotten_flesh":20,"minecraft:red_tulip":1,"alexsmobs:emu_egg":4,"minecraft:iron_bars":12,"alexsmobs:flying_fish":8,"minecraft:cobblestone":356,"minecraft:enchanting_table":4,"minecraft:birch_log":42,"minecraft:feather":3,"orcz:orcteeth":12,"minecraft:andesite":59,"minecraft:jungle_log":8,"minecraft:golden_leggings":2,"minecraft:potato":72,"ancient_elements:raw_lead":4,"minecraft:stripped_spruce_wood":1,"minecraft:lapis_lazuli":1,"minecraft:dirt":134,"minecraft:bone":17,"minecraft:acacia_planks":1,"minecraft:wheat_seeds":276,"minecraft:oak_planks":1,"orcz:orcagaric":5,"minecraft:sand":104,"minecraft:acacia_stairs":3,"minecraft:dark_oak_log":171,"minecraft:jungle_leaves":41,"minecraft:lever":1,"minecraft:granite":32,"minecraft:grass":3,"minecraft:golden_apple":1,"minecraft:bread":17,"orcz:ironscrap":15,"minecraft:oak_sapling":6,"born_in_chaos_v1:rotten_fish":1,"minecraft:dark_oak_fence":2,"minecraft:bricks":1,"minecraft:oak_leaves":121,"minecraft:diamond_pickaxe":1,"minecraft:coarse_dirt":28,"minecraft:cocoa_beans":8,"minecraft:crafting_table":3,"minecraft:chicken":3,"born_in_chaos_v1:river_mint":1,"minecraft:brown_mushroom":1,"minecraft:wooden_pickaxe":1,"minecraft:cooked_rabbit":1,"minecraft:gold_block":1,"minecraft:chain":4,"minecraft:cornflower":4,"minecraft:red_bed":4,"minecraft:iron_shovel":2,"minecraft:birch_fence":1,"minecraft:blackstone":4,"minecraft:cracked_stone_bricks":1,"minecraft:andesite_stairs":1,"minecraft:oak_boat":5,"minecraft:jungle_sapling":3,"minecraft:iron_nugget":19,"minecraft:poppy":7,"minecraft:birch_sapling":3,"tombstone:tablet_of_assistance":1,"minecraft:sugar_cane":1,"minecraft:chest":7,"minecraft:egg":7,"minecraft:dark_oak_sapling":2,"minecraft:raw_iron":15,"minecraft:sandstone":6,"grimoireofgaia:meat":4,"ancient_elements:raw_tin":5,"born_in_chaos_v1:pieceofdarkmetal":1,"minecraft:carrot":6,"minecraft:dark_oak_planks":122,"minecraft:arrow":20,"minecraft:stone_shovel":1,"grimoireofgaia:bag_book":1,"minecraft:jungle_stairs":2,"minecraft:hay_block":14,"minecraft:glow_berries":6,"minecraft:mutton":10,"minecraft:white_wool":10,"minecraft:bone_block":6,"born_in_chaos_v1:corpse_maggot":10,"born_in_chaos_v1:monster_flesh":8,"minecraft:fern":1,"minecraft:leather":3,"alexsmobs:acacia_blossom":1,"minecraft:birch_planks":21,"minecraft:oak_log":18,"minecraft:golden_boots":1,"tombstone:voodoo_poppet":1,"minecraft:paper":30,"minecraft:orange_terracotta":1,"minecraft:cooked_mutton":1,"minecraft:apple":11,"minecraft:stone_bricks":8,"minecraft:kelp":2,"tombstone:bag_of_seeds":1,"minecraft:acacia_sapling":2,"minecraft:book":100,"minecraft:dark_oak_slab":11,"minecraft:stone_brick_slab":7,"minecraft:red_wool":4,"born_in_chaos_v1:ethereal_spirit":6,"minecraft:dandelion":2,"orcz:bone_1deco":1,"minecraft:gravel":28,"orcz:orcamanita":3,"minecraft:spruce_log":4,"magistuarmory:rustedchainmail_leggings":1,"minecraft:spider_eye":5,"minecraft:slime_ball":2,"minecraft:stone_axe":1,"magistuarmory:rustedcrusader_boots":1,"minecraft:light_blue_carpet":10,"minecraft:coal":135},"minecraft:used":{"alexsmobs:emu_egg":1,"minecraft:iron_shovel":137,"minecraft:chest":8,"minecraft:shield":75,"minecraft:iron_sword":3,"tombstone:lollipop":1,"minecraft:carrot":11,"born_in_chaos_v1:smoked_flesh":9,"minecraft:dark_oak_slab":191,"minecraft:music_disc_wait":1,"minecraft:stone_bricks":122,"minecraft:furnace":5,"grimoireofgaia:meat":4,"minecraft:potato":20,"minecraft:stone_pickaxe":82,"minecraft:oak_planks":3,"minecraft:wooden_pickaxe":13,"minecraft:oak_leaves":125,"minecraft:sand":42,"minecraft:shears":238,"minecraft:birch_fence":97,"born_in_chaos_v1:monster_flesh":1,"minecraft:melon_slice":65,"minecraft:bread":76,"tombstone:grave_key":29,"minecraft:gravel":9,"minecraft:andesite":5,"minecraft:oak_boat":2,"minecraft:bone_meal":12,"minecraft:jungle_leaves":4,"minecraft:enchanting_table":4,"minecraft:stone_sword":289,"minecraft:stone_shovel":96,"minecraft:spruce_planks":7,"minecraft:stone_hoe":211,"minecraft:cooked_chicken":3,"minecraft:orange_bed":2,"minecraft:torch":210,"minecraft:dirt":119,"minecraft:granite":29,"minecraft:fern":1,"minecraft:birch_door":1,"minecraft:stone_brick_slab":109,"minecraft:dark_oak_planks":690,"minecraft:wooden_axe":19,"minecraft:bookshelf":16,"minecraft:iron_axe":369,"alexsmobs:banana":1,"tombstone:gift":6,"minecraft:enchanted_golden_apple":1,"minecraft:wheat_seeds":134,"minecraft:cooked_mutton":2,"minecraft:birch_planks":20,"minecraft:baked_potato":37,"minecraft:vine":8,"minecraft:crafting_table":11,"minecraft:red_bed":6,"tombstone:bag_of_seeds":1,"minecraft:diamond_pickaxe":176,"minecraft:iron_pickaxe":485,"minecraft:jungle_stairs":13,"minecraft:stone_axe":588,"orcz:bone_1deco":3,"minecraft:cobblestone":97,"minecraft:cooked_porkchop":6},"minecraft:killed_by":{"orcz:orcsavage_2sword":1,"born_in_chaos_v1:corpse_fly":1,"grimoireofgaia:arachne":2,"grimoireofgaia:toad":4,"mowziesmobs:umvuthi":1,"grimoireofgaia:cecaelia":1,"grimoireofgaia:deathword":1,"grimoireofgaia:harpy":1,"minecraft:witch":1,"minecraft:zombie":7,"alexsmobs:grizzly_bear":1,"grimoireofgaia:orc":2,"minecraft:spider":3,"grimoireofgaia:matango":1,"born_in_chaos_v1:sir_pumpkinhead":1,"minecraft:skeleton":3,"grimoireofgaia:bee":1},"minecraft:custom":{"minecraft:interact_with_crafting_table":54,"minecraft:open_barrel":21,"minecraft:bell_ring":9,"minecraft:eat_cake_slice":2,"minecraft:leave_game":19,"minecraft:time_since_death":4857,"minecraft:damage_resisted":14,"minecraft:sprint_one_cm":1690462,"minecraft:damage_blocked_by_shield":4966,"minecraft:drop":63,"tombstone:eaten_lollipop":1,"minecraft:play_noteblock":1,"minecraft:talked_to_villager":14,"minecraft:play_time":561542,"minecraft:deaths":34,"minecraft:jump":7018,"minecraft:walk_on_water_one_cm":72617,"minecraft:interact_with_furnace":51,"minecraft:play_record":1,"minecraft:traded_with_villager":2,"minecraft:sleep_in_bed":19,"minecraft:damage_dealt":12308,"minecraft:player_kills":1,"minecraft:crouch_one_cm":114674,"tombstone:undead_killed":18,"minecraft:mob_kills":67,"minecraft:damage_dealt_resisted":159,"minecraft:climb_one_cm":88038,"minecraft:walk_one_cm":1612554,"minecraft:sneak_time":31506,"minecraft:walk_under_water_one_cm":31728,"minecraft:boat_one_cm":58590,"minecraft:total_world_time":561542,"minecraft:tune_noteblock":4,"minecraft:pot_flower":1,"minecraft:time_since_rest":4598,"minecraft:damage_absorbed":29,"minecraft:damage_taken":16566,"minecraft:swim_one_cm":130990,"minecraft:fly_one_cm":1191506,"minecraft:open_chest":192,"minecraft:fall_one_cm":174915},"minecraft:broken":{"magistuarmory:rustedcrusader_boots":1,"minecraft:shears":1,"minecraft:stone_axe":6,"minecraft:leather_helmet":1,"minecraft:chainmail_helmet":1,"minecraft:leather_chestplate":1,"minecraft:shield":1,"minecraft:iron_axe":2,"minecraft:leather_boots":1},"minecraft:mined":{"minecraft:dark_oak_planks":129,"minecraft:spruce_planks":7,"orcz:orcamanita":1,"minecraft:andesite_stairs":1,"minecraft:jungle_leaves":236,"minecraft:brewing_stand":3,"minecraft:light_blue_carpet":14,"minecraft:granite":34,"minecraft:acacia_log":31,"minecraft:grass_block":70,"minecraft:yellow_carpet":7,"minecraft:jungle_log":6,"minecraft:oak_pressure_plate":1,"minecraft:spawner":11,"minecraft:magma_block":1,"minecraft:iron_ore":14,"ancient_elements:tin_ore":5,"minecraft:enchanting_table":4,"minecraft:red_tulip":1,"minecraft:water_cauldron":2,"minecraft:iron_bars":14,"minecraft:orange_bed":2,"minecraft:red_bed":3,"minecraft:blackstone":2,"minecraft:kelp_plant":2,"minecraft:orange_terracotta":1,"minecraft:torch":28,"minecraft:note_block":1,"minecraft:jungle_stairs":3,"minecraft:poppy":5,"minecraft:melon":17,"minecraft:chest":7,"ancient_elements:cloud":1,"minecraft:cobblestone":29,"minecraft:sugar_cane":1,"minecraft:oak_planks":2,"minecraft:wall_torch":36,"minecraft:chain":2,"minecraft:dark_oak_slab":9,"orcz:orcagaric":1,"minecraft:birch_log":43,"minecraft:wheat":93,"born_in_chaos_v1:river_mint":2,"minecraft:grass":186,"minecraft:oak_log":18,"minecraft:sand":94,"minecraft:dirt":80,"minecraft:oak_leaves":168,"minecraft:red_carpet":2,"ancient_elements:lead_ore":4,"minecraft:dark_oak_leaves":8,"minecraft:dark_oak_log":180,"minecraft:lever":1,"minecraft:spruce_fence":2,"ancient_elements:meteorite_block":6,"minecraft:kelp":2,"orcz:bone_1deco":1,"minecraft:hay_block":14,"minecraft:furnace":3,"minecraft:carrots":1,"minecraft:acacia_wood":4,"minecraft:acacia_stairs":3,"minecraft:andesite":53,"minecraft:gold_block":1,"minecraft:bookshelf":33,"minecraft:potatoes":18,"minecraft:vine":34,"minecraft:stone":392,"minecraft:white_tulip":1,"minecraft:bone_block":3,"minecraft:podzol":1,"minecraft:acacia_leaves":1,"minecraft:red_wool":4,"minecraft:stone_brick_slab":6,"minecraft:dandelion":2,"minecraft:crafting_table":4,"minecraft:cornflower":3,"minecraft:rose_bush":11,"minecraft:tall_grass":64,"minecraft:diorite":2,"minecraft:birch_planks":20,"minecraft:coarse_dirt":14,"minecraft:spruce_log":2,"minecraft:birch_leaves":3,"minecraft:coal_ore":110,"minecraft:gravel":15,"minecraft:cracked_stone_bricks":4,"minecraft:acacia_planks":1,"minecraft:stone_bricks":8,"minecraft:birch_fence":2,"minecraft:fern":3},"minecraft:dropped":{"minecraft:baked_potato":1,"minecraft:cooked_porkchop":5,"minecraft:gold_block":1,"born_in_chaos_v1:monster_flesh":1,"minecraft:dirt":3,"minecraft:cornflower":4,"minecraft:gravel":1,"minecraft:sugar_cane":1,"minecraft:iron_nugget":2,"minecraft:rotten_flesh":15,"minecraft:cooked_mutton":4,"minecraft:leather_chestplate":1,"minecraft:iron_ingot":3,"minecraft:bread":10,"minecraft:wheat_seeds":22,"minecraft:cobblestone":3,"orcz:orcagaric":3,"minecraft:golden_apple":1,"born_in_chaos_v1:river_mint":1,"minecraft:wooden_axe":1,"tombstone:voodoo_poppet":1,"minecraft:music_disc_cat":1,"minecraft:bricks":1,"minecraft:coarse_dirt":14,"minecraft:stone_shovel":2,"orcz:orcamanita":1,"minecraft:filled_map":1,"minecraft:diamond_pickaxe":1,"minecraft:andesite":2,"minecraft:spider_eye":1,"minecraft:wooden_pickaxe":1,"minecraft:stripped_spruce_wood":1}},"DataVersion":3465}