{"stats":{"minecraft:mined":{"minecraft:coal_ore":12,"minecraft:oak_log":4,"minecraft:birch_log":5,"minecraft:cobblestone":1,"minecraft:stone":16,"minecraft:birch_leaves":1,"minecraft:wall_torch":1},"minecraft:used":{"minecraft:torch":7,"minecraft:wooden_axe":6,"minecraft:cobblestone":1,"minecraft:crafting_table":2,"minecraft:stone_pickaxe":26,"minecraft:wooden_pickaxe":4},"minecraft:picked_up":{"minecraft:birch_log":5,"minecraft:torch":1,"minecraft:oak_log":4,"minecraft:coal":11,"minecraft:cobblestone":17},"minecraft:crafted":{"minecraft:oak_planks":16,"minecraft:torch":12,"minecraft:birch_planks":20,"minecraft:crafting_table":2,"minecraft:stick":16,"minecraft:wooden_pickaxe":1,"minecraft:stone_pickaxe":1,"minecraft:wooden_axe":1},"minecraft:custom":{"minecraft:time_since_rest":7429,"minecraft:sprint_one_cm":1062,"minecraft:play_time":7429,"minecraft:walk_one_cm":10906,"minecraft:sneak_time":4,"minecraft:jump":27,"minecraft:time_since_death":7429,"minecraft:total_world_time":7429,"minecraft:interact_with_crafting_table":3,"minecraft:fly_one_cm":256}},"DataVersion":3465}