{"stats":{"minecraft:picked_up":{"minecraft:crafting_table":3,"born_in_chaos_v1:diamond_termite_shard":3,"minecraft:wheat":112,"born_in_chaos_v1:river_mint":1,"minecraft:chicken":1,"minecraft:ladder":1,"minecraft:enchanted_book":1,"tombstone:grave_key":1,"minecraft:chain":1,"minecraft:string":7,"ancient_elements:meteorite_block":6,"minecraft:cobbled_deepslate":6,"minecraft:beef":13,"minecraft:oak_boat":1,"born_in_chaos_v1:gnawed_bones":1,"minecraft:iron_nugget":7,"minecraft:poppy":3,"minecraft:melon_slice":82,"minecraft:birch_sapling":1,"minecraft:furnace":2,"minecraft:raw_copper_block":2,"minecraft:egg":2,"grimoireofgaia:taproot":2,"minecraft:tipped_arrow":1,"minecraft:raw_iron":39,"minecraft:stick":9,"minecraft:sandstone":8,"ancient_elements:raw_steel":3,"born_in_chaos_v1:shattered_skull":1,"minecraft:acacia_fence":2,"minecraft:torch":9,"minecraft:acacia_log":62,"minecraft:porkchop":14,"magistuarmory:rusted_heavymace":2,"ancient_elements:raw_tin":29,"magistuarmory:rustedkettlehat":2,"born_in_chaos_v1:pieceofdarkmetal":9,"tombstone:grave_dust":9,"minecraft:diorite":2,"born_in_chaos_v1:black_argillite_brick_stairs":8,"born_in_chaos_v1:charmof_endurance":1,"tombstone:lollipop":2,"ancient_elements:topaz_shard":3,"minecraft:orange_bed":5,"ancient_elements:reflectine":17,"minecraft:arrow":18,"minecraft:rotten_flesh":14,"grimoireofgaia:bag_book":1,"orcz:orcshroom":2,"minecraft:hay_block":58,"minecraft:red_tulip":1,"minecraft:pink_tulip":1,"alexsmobs:emu_egg":2,"grimoireofgaia:weapon_book":1,"born_in_chaos_v1:trident_hayfork":2,"minecraft:mutton":2,"minecraft:iron_bars":2,"minecraft:white_wool":1,"minecraft:cobblestone":167,"born_in_chaos_v1:corpse_maggot":4,"minecraft:feather":3,"minecraft:glow_ink_sac":2,"minecraft:andesite":3,"minecraft:leather":6,"alexsmobs:acacia_blossom":1,"minecraft:acacia_wood":2,"minecraft:filled_map":2,"ancient_elements:raw_lead":6,"minecraft:oak_log":37,"minecraft:gunpowder":1,"tombstone:voodoo_poppet":1,"minecraft:lapis_lazuli":9,"minecraft:dirt":38,"minecraft:paper":2,"born_in_chaos_v1:monster_skin":1,"minecraft:cooked_mutton":3,"minecraft:bone":16,"minecraft:acacia_planks":46,"minecraft:apple":2,"minecraft:bow":1,"minecraft:wheat_seeds":326,"minecraft:raw_gold":4,"minecraft:iron_ingot":5,"born_in_chaos_v1:chipped_black_argillite_brick":1,"minecraft:oak_planks":2,"minecraft:acacia_sapling":1,"minecraft:book":1,"ancient_elements:scarlet_crystal_block":5,"mowziesmobs:clawed_log":1,"ancient_elements:scarlet_shard":12,"born_in_chaos_v1:ethereal_spirit":5,"orcz:orcagaric":4,"minecraft:sand":27,"magistuarmory:rustednorman_helmet":1,"orcz:orcamanita":2,"minecraft:acacia_stairs":27,"magistuarmory:rustedchainmail_leggings":2,"minecraft:spider_eye":1,"alexsmobs:animal_dictionary":1,"magistuarmory:rustedchainmail_helmet":1,"minecraft:yellow_carpet":16,"born_in_chaos_v1:fire_dust":5,"minecraft:diamond":1,"minecraft:light_blue_carpet":6,"born_in_chaos_v1:rotten_fish":1,"tombstone:magic_scroll":2,"minecraft:oak_sapling":3,"minecraft:melon_seeds":3,"minecraft:coal":78,"minecraft:crimson_roots":3},"minecraft:used":{"alexsmobs:emu_egg":1,"minecraft:stone_sword":105,"ancient_elements:meteorite_block":1,"minecraft:ladder":5,"minecraft:chest":6,"minecraft:shield":94,"minecraft:iron_sword":429,"tombstone:lollipop":2,"minecraft:orange_bed":5,"minecraft:torch":219,"minecraft:dirt":22,"born_in_chaos_v1:chipped_black_argillite_brick":1,"minecraft:birch_sapling":1,"minecraft:bow":4,"minecraft:cooked_cod":4,"minecraft:furnace":4,"tombstone:gift":5,"minecraft:acacia_fence":28,"minecraft:acacia_wood":1,"minecraft:egg":2,"minecraft:acacia_planks":152,"alexsmobs:boiled_emu_egg":1,"born_in_chaos_v1:trident_hayfork":231,"minecraft:wheat_seeds":119,"minecraft:cooked_mutton":4,"minecraft:baked_potato":3,"minecraft:oak_planks":66,"minecraft:stone_pickaxe":84,"minecraft:wooden_pickaxe":10,"born_in_chaos_v1:black_argillite_brick_stairs":8,"minecraft:sand":6,"minecraft:crafting_table":11,"orcz:orcamanita":1,"minecraft:oak_log":1,"minecraft:apple":8,"minecraft:acacia_door":2,"minecraft:bread":104,"minecraft:melon_slice":26,"minecraft:iron_pickaxe":273,"tombstone:grave_key":9,"minecraft:stone_axe":199,"minecraft:cobblestone":100,"minecraft:cooked_porkchop":7,"minecraft:oak_boat":1,"alexsmobs:animal_dictionary":1},"minecraft:mined":{"orcz:orcamanita":1,"minecraft:attached_melon_stem":1,"ancient_elements:lead_ore":6,"minecraft:deepslate_diamond_ore":2,"mowziesmobs:clawed_log":2,"minecraft:light_blue_carpet":2,"born_in_chaos_v1:infected_diamond_ore":2,"minecraft:acacia_log":62,"minecraft:yellow_carpet":1,"minecraft:grass_block":18,"minecraft:crimson_roots":3,"ancient_elements:meteorite_block":6,"ancient_elements:scarlet_clust":4,"minecraft:tall_seagrass":1,"minecraft:sandstone":1,"minecraft:spawner":2,"minecraft:hay_block":60,"minecraft:furnace":2,"minecraft:iron_ore":38,"minecraft:fire":1,"born_in_chaos_v1:black_argillite_brick_stairs":8,"minecraft:andesite":3,"minecraft:acacia_wood":2,"minecraft:acacia_stairs":29,"ancient_elements:tin_ore":12,"minecraft:peony":1,"minecraft:red_tulip":1,"minecraft:deepslate_iron_ore":1,"minecraft:iron_bars":4,"minecraft:pink_tulip":1,"ancient_elements:reflectine":3,"minecraft:stone":162,"minecraft:orange_bed":5,"ancient_elements:steel_ore":3,"minecraft:acacia_leaves":45,"minecraft:torch":5,"minecraft:crafting_table":3,"minecraft:melon":17,"ancient_elements:deepslate_tin_ore":2,"minecraft:copper_ore":1,"minecraft:tall_grass":24,"minecraft:cobblestone":10,"born_in_chaos_v1:chipped_black_argillite_brick":1,"minecraft:deepslate_gold_ore":2,"minecraft:lapis_ore":1,"minecraft:oak_planks":1,"minecraft:bricks":1,"minecraft:wall_torch":1,"minecraft:diorite":2,"orcz:orcagaric":2,"minecraft:wheat":119,"minecraft:birch_leaves":2,"ancient_elements:scarlet_crystal_block":5,"minecraft:grass":126,"orcz:blue_orcshroom":1,"minecraft:coal_ore":61,"minecraft:oak_log":37,"minecraft:cobweb":4,"minecraft:acacia_fence":2,"minecraft:dirt":21,"minecraft:sand":10,"ancient_elements:budding_scarlet":1,"minecraft:acacia_planks":46,"minecraft:raw_copper_block":1,"born_in_chaos_v1:infernal_evil_pumpkin_s":1,"minecraft:gold_ore":4,"minecraft:oak_leaves":7,"minecraft:deepslate":3,"minecraft:fern":1},"minecraft:custom":{"minecraft:mob_kills":65,"minecraft:interact_with_crafting_table":40,"minecraft:open_barrel":18,"minecraft:damage_dealt_resisted":1423,"minecraft:leave_game":16,"minecraft:time_since_death":102,"minecraft:climb_one_cm":16102,"minecraft:sprint_one_cm":1491580,"minecraft:walk_one_cm":777206,"minecraft:damage_blocked_by_shield":5340,"minecraft:drop":101,"tombstone:eaten_lollipop":2,"minecraft:talked_to_villager":6,"minecraft:play_time":362461,"minecraft:deaths":13,"minecraft:sneak_time":10886,"minecraft:walk_under_water_one_cm":51443,"minecraft:boat_one_cm":29805,"minecraft:jump":6999,"minecraft:walk_on_water_one_cm":62119,"minecraft:total_world_time":362461,"minecraft:interact_with_furnace":25,"minecraft:sleep_in_bed":14,"minecraft:time_since_rest":1,"minecraft:damage_taken":8114,"minecraft:damage_dealt":11831,"minecraft:swim_one_cm":89163,"minecraft:fly_one_cm":1595066,"minecraft:open_chest":79,"minecraft:crouch_one_cm":39848,"tombstone:undead_killed":21,"minecraft:fall_one_cm":209459},"minecraft:dropped":{"minecraft:bread":17,"minecraft:iron_sword":1,"magistuarmory:rustedkettlehat":2,"minecraft:wheat_seeds":81,"minecraft:glow_ink_sac":1,"minecraft:feather":3,"minecraft:cobblestone":32,"minecraft:book":1,"ancient_elements:raw_steel":3,"orcz:orcagaric":2,"ancient_elements:raw_lead":7,"magistuarmory:rustednorman_helmet":1,"minecraft:yellow_carpet":8,"minecraft:stick":5,"minecraft:dirt":2,"minecraft:raw_copper_block":2,"minecraft:diorite":2,"tombstone:grave_key":2,"minecraft:crimson_roots":3,"grimoireofgaia:taproot":2,"tombstone:grave_dust":1,"born_in_chaos_v1:trident_hayfork":1,"minecraft:bone":1,"minecraft:paper":2,"tombstone:voodoo_poppet":1,"minecraft:acacia_planks":1,"minecraft:pink_tulip":1,"magistuarmory:rustedchainmail_leggings":2,"minecraft:iron_nugget":5,"born_in_chaos_v1:fire_dust":2,"alexsmobs:animal_dictionary":1,"minecraft:cobbled_deepslate":6,"minecraft:rotten_flesh":6,"magistuarmory:rusted_heavymace":2,"orcz:orcshroom":1,"minecraft:acacia_stairs":1,"ancient_elements:raw_tin":15,"minecraft:filled_map":1,"minecraft:poppy":1,"minecraft:potato":2,"minecraft:gunpowder":1,"minecraft:diamond_pickaxe":1,"minecraft:acacia_sapling":1,"minecraft:melon_seeds":1,"minecraft:oak_boat":2,"minecraft:oak_sapling":1,"minecraft:spider_eye":1,"minecraft:stone_pickaxe":1,"minecraft:wooden_pickaxe":1,"minecraft:red_tulip":1},"minecraft:killed":{"born_in_chaos_v1:mr_pumpkin":7,"born_in_chaos_v1:restless_spirit":2,"born_in_chaos_v1:skeleton_demoman":1,"minecraft:spider":1,"born_in_chaos_v1:maggot":2,"grimoireofgaia:orc":1,"minecraft:skeleton":6,"minecraft:chicken":1,"born_in_chaos_v1:firelight_not_despawn":1,"grimoireofgaia:mandragora":1,"born_in_chaos_v1:felsteed":1,"minecraft:pig":6,"born_in_chaos_v1:diamond_termite":3,"minecraft:salmon":1,"born_in_chaos_v1:decrepit_skeleton":2,"minecraft:sheep":1,"minecraft:zombie":10,"grimoireofgaia:deathword":2,"born_in_chaos_v1:corpse_fly":3,"minecraft:stray":1,"born_in_chaos_v1:door_knight":1,"orcz:goblin_2sword":1,"orcz:orcsavage_2sword":1,"orcz:snot":1,"minecraft:cow":7},"minecraft:crafted":{"minecraft:oak_planks":124,"minecraft:furnace":2,"minecraft:cooked_mutton":2,"minecraft:bow":2,"minecraft:ladder":6,"minecraft:stone_pickaxe":1,"minecraft:chest":6,"minecraft:acacia_fence":30,"minecraft:wheat":522,"minecraft:cooked_beef":8,"minecraft:cooked_porkchop":7,"minecraft:crafting_table":8,"minecraft:wooden_pickaxe":1,"minecraft:iron_helmet":1,"minecraft:iron_sword":4,"alexsmobs:boiled_emu_egg":1,"minecraft:stone_axe":2,"minecraft:bread":211,"minecraft:air":0,"minecraft:oak_boat":3,"minecraft:charcoal":2,"minecraft:iron_chestplate":1,"minecraft:diamond_pickaxe":1,"minecraft:stick":112,"minecraft:iron_ingot":46,"minecraft:iron_pickaxe":2,"minecraft:acacia_door":3,"minecraft:stone_sword":1,"minecraft:acacia_planks":252,"minecraft:torch":232},"minecraft:broken":{"minecraft:chainmail_boots":1,"minecraft:shield":2,"magistuarmory:rustedchainmail_helmet":1,"minecraft:iron_sword":1,"minecraft:iron_pickaxe":1,"minecraft:iron_helmet":1},"minecraft:killed_by":{"born_in_chaos_v1:nightmare_stalker":1,"grimoireofgaia:orc":1,"minecraft:drowned":1,"born_in_chaos_v1:sir_pumpkinhead_without_horse":1,"grimoireofgaia:werecat":1,"grimoireofgaia:cecaelia":2,"grimoireofgaia:deathword":2,"minecraft:skeleton":1,"born_in_chaos_v1:pumpkinhead":1,"grimoireofgaia:creep":1}},"DataVersion":3465}