{"stats":{"minecraft:picked_up":{"born_in_chaos_v1:diamond_termite_shard":3,"minecraft:crafting_table":3,"minecraft:wheat":112,"minecraft:chicken":1,"minecraft:ladder":1,"minecraft:enchanted_book":1,"tombstone:grave_key":1,"minecraft:chain":1,"minecraft:string":2,"ancient_elements:meteorite_block":5,"minecraft:cobbled_deepslate":6,"minecraft:beef":13,"minecraft:oak_boat":1,"minecraft:iron_nugget":7,"minecraft:poppy":3,"minecraft:melon_slice":82,"minecraft:birch_sapling":1,"minecraft:furnace":2,"minecraft:raw_copper_block":2,"minecraft:egg":2,"grimoireofgaia:taproot":2,"minecraft:tipped_arrow":1,"minecraft:stick":9,"minecraft:raw_iron":39,"minecraft:sandstone":8,"ancient_elements:raw_steel":3,"minecraft:acacia_fence":1,"minecraft:torch":8,"minecraft:acacia_log":62,"magistuarmory:rusted_heavymace":2,"minecraft:porkchop":14,"ancient_elements:raw_tin":29,"magistuarmory:rustedkettlehat":2,"tombstone:grave_dust":4,"minecraft:diorite":2,"born_in_chaos_v1:black_argillite_brick_stairs":8,"tombstone:lollipop":1,"ancient_elements:topaz_shard":3,"ancient_elements:reflectine":17,"minecraft:orange_bed":1,"minecraft:arrow":15,"minecraft:rotten_flesh":5,"grimoireofgaia:bag_book":1,"minecraft:hay_block":58,"minecraft:red_tulip":1,"minecraft:pink_tulip":1,"alexsmobs:emu_egg":1,"grimoireofgaia:weapon_book":1,"minecraft:mutton":2,"minecraft:iron_bars":2,"minecraft:white_wool":1,"minecraft:cobblestone":167,"born_in_chaos_v1:corpse_maggot":1,"minecraft:feather":3,"minecraft:glow_ink_sac":2,"minecraft:andesite":3,"minecraft:leather":6,"alexsmobs:acacia_blossom":1,"minecraft:acacia_wood":2,"minecraft:filled_map":2,"ancient_elements:raw_lead":6,"minecraft:oak_log":32,"minecraft:paper":2,"tombstone:voodoo_poppet":1,"minecraft:lapis_lazuli":9,"minecraft:dirt":38,"minecraft:cooked_mutton":3,"minecraft:bone":13,"minecraft:acacia_planks":9,"minecraft:apple":2,"minecraft:bow":1,"minecraft:wheat_seeds":318,"minecraft:raw_gold":4,"minecraft:iron_ingot":5,"born_in_chaos_v1:chipped_black_argillite_brick":1,"minecraft:acacia_sapling":1,"minecraft:oak_planks":2,"minecraft:book":1,"ancient_elements:scarlet_crystal_block":5,"ancient_elements:scarlet_shard":12,"born_in_chaos_v1:ethereal_spirit":2,"minecraft:sand":25,"magistuarmory:rustednorman_helmet":1,"orcz:orcamanita":2,"minecraft:spider_eye":1,"minecraft:acacia_stairs":27,"magistuarmory:rustedchainmail_leggings":2,"alexsmobs:animal_dictionary":1,"magistuarmory:rustedchainmail_helmet":1,"minecraft:yellow_carpet":8,"born_in_chaos_v1:fire_dust":5,"minecraft:diamond":1,"minecraft:light_blue_carpet":6,"tombstone:magic_scroll":2,"minecraft:oak_sapling":3,"minecraft:melon_seeds":3,"minecraft:crimson_roots":3,"minecraft:coal":78},"minecraft:used":{"alexsmobs:emu_egg":1,"minecraft:stone_sword":105,"minecraft:ladder":5,"minecraft:chest":6,"minecraft:shield":34,"minecraft:iron_sword":311,"tombstone:lollipop":1,"minecraft:orange_bed":1,"minecraft:torch":202,"minecraft:dirt":22,"born_in_chaos_v1:chipped_black_argillite_brick":1,"minecraft:birch_sapling":1,"minecraft:furnace":3,"minecraft:cooked_cod":4,"tombstone:gift":5,"minecraft:acacia_fence":27,"minecraft:acacia_wood":1,"minecraft:egg":2,"minecraft:acacia_planks":101,"minecraft:wheat_seeds":119,"minecraft:cooked_mutton":4,"minecraft:oak_planks":66,"minecraft:stone_pickaxe":84,"minecraft:wooden_pickaxe":10,"born_in_chaos_v1:black_argillite_brick_stairs":8,"minecraft:sand":5,"minecraft:crafting_table":10,"orcz:orcamanita":1,"minecraft:oak_log":1,"minecraft:apple":4,"minecraft:bread":75,"minecraft:iron_pickaxe":270,"tombstone:grave_key":5,"minecraft:stone_axe":153,"minecraft:cobblestone":76,"minecraft:cooked_porkchop":7,"minecraft:oak_boat":1,"alexsmobs:animal_dictionary":1},"minecraft:mined":{"minecraft:attached_melon_stem":1,"orcz:orcamanita":1,"ancient_elements:lead_ore":6,"minecraft:deepslate_diamond_ore":2,"minecraft:light_blue_carpet":2,"born_in_chaos_v1:infected_diamond_ore":2,"minecraft:acacia_log":62,"minecraft:grass_block":18,"minecraft:yellow_carpet":1,"minecraft:crimson_roots":3,"ancient_elements:meteorite_block":5,"ancient_elements:scarlet_clust":4,"minecraft:sandstone":1,"minecraft:hay_block":60,"minecraft:furnace":2,"minecraft:iron_ore":38,"minecraft:fire":1,"born_in_chaos_v1:black_argillite_brick_stairs":8,"minecraft:acacia_wood":2,"minecraft:andesite":3,"minecraft:acacia_stairs":29,"ancient_elements:tin_ore":12,"minecraft:peony":1,"minecraft:red_tulip":1,"minecraft:deepslate_iron_ore":1,"minecraft:iron_bars":4,"minecraft:pink_tulip":1,"ancient_elements:reflectine":3,"minecraft:stone":162,"minecraft:orange_bed":1,"ancient_elements:steel_ore":3,"minecraft:acacia_leaves":45,"minecraft:crafting_table":3,"minecraft:torch":5,"minecraft:melon":17,"ancient_elements:deepslate_tin_ore":2,"minecraft:copper_ore":1,"minecraft:tall_grass":18,"minecraft:cobblestone":10,"born_in_chaos_v1:chipped_black_argillite_brick":1,"minecraft:deepslate_gold_ore":2,"minecraft:lapis_ore":1,"minecraft:oak_planks":1,"minecraft:bricks":1,"minecraft:diorite":2,"minecraft:wall_torch":1,"minecraft:wheat":117,"minecraft:birch_leaves":2,"ancient_elements:scarlet_crystal_block":5,"minecraft:grass":74,"minecraft:oak_log":32,"minecraft:coal_ore":61,"minecraft:acacia_fence":1,"minecraft:dirt":21,"minecraft:sand":9,"ancient_elements:budding_scarlet":1,"minecraft:acacia_planks":9,"minecraft:raw_copper_block":1,"born_in_chaos_v1:infernal_evil_pumpkin_s":1,"minecraft:gold_ore":4,"minecraft:oak_leaves":7,"minecraft:deepslate":3,"minecraft:fern":1},"minecraft:custom":{"minecraft:mob_kills":44,"minecraft:interact_with_crafting_table":38,"minecraft:damage_dealt_resisted":17,"minecraft:leave_game":14,"minecraft:time_since_death":75191,"minecraft:climb_one_cm":11421,"minecraft:sprint_one_cm":1096651,"minecraft:walk_one_cm":591688,"minecraft:damage_blocked_by_shield":1410,"minecraft:drop":87,"tombstone:eaten_lollipop":1,"minecraft:talked_to_villager":4,"minecraft:play_time":275202,"minecraft:deaths":6,"minecraft:sneak_time":8699,"minecraft:walk_under_water_one_cm":34714,"minecraft:boat_one_cm":29805,"minecraft:jump":4759,"minecraft:walk_on_water_one_cm":44490,"minecraft:total_world_time":275202,"minecraft:interact_with_furnace":19,"minecraft:sleep_in_bed":10,"minecraft:time_since_rest":15420,"minecraft:damage_taken":4635,"minecraft:damage_dealt":6843,"minecraft:swim_one_cm":41639,"minecraft:fly_one_cm":1024813,"minecraft:open_chest":52,"minecraft:crouch_one_cm":33653,"tombstone:undead_killed":15,"minecraft:fall_one_cm":138585},"minecraft:dropped":{"minecraft:bread":17,"magistuarmory:rustedkettlehat":2,"minecraft:wheat_seeds":13,"minecraft:glow_ink_sac":1,"minecraft:feather":3,"minecraft:cobblestone":32,"minecraft:book":1,"ancient_elements:raw_steel":3,"ancient_elements:raw_lead":7,"magistuarmory:rustednorman_helmet":1,"minecraft:stick":5,"minecraft:dirt":2,"minecraft:raw_copper_block":2,"minecraft:diorite":2,"tombstone:grave_key":2,"minecraft:crimson_roots":3,"grimoireofgaia:taproot":2,"tombstone:grave_dust":1,"minecraft:paper":2,"tombstone:voodoo_poppet":1,"minecraft:pink_tulip":1,"magistuarmory:rustedchainmail_leggings":2,"minecraft:iron_nugget":5,"born_in_chaos_v1:fire_dust":2,"alexsmobs:animal_dictionary":1,"minecraft:cobbled_deepslate":6,"minecraft:rotten_flesh":4,"magistuarmory:rusted_heavymace":2,"minecraft:acacia_stairs":1,"ancient_elements:raw_tin":15,"minecraft:filled_map":1,"minecraft:poppy":1,"minecraft:diamond_pickaxe":1,"minecraft:melon_seeds":1,"minecraft:oak_boat":2,"minecraft:oak_sapling":1,"minecraft:spider_eye":1,"minecraft:stone_pickaxe":1,"minecraft:wooden_pickaxe":1,"minecraft:red_tulip":1},"minecraft:killed":{"born_in_chaos_v1:restless_spirit":2,"minecraft:spider":1,"born_in_chaos_v1:maggot":1,"grimoireofgaia:orc":1,"minecraft:skeleton":5,"minecraft:chicken":1,"born_in_chaos_v1:firelight_not_despawn":1,"grimoireofgaia:mandragora":1,"minecraft:pig":6,"born_in_chaos_v1:diamond_termite":3,"minecraft:sheep":1,"minecraft:zombie":9,"grimoireofgaia:deathword":2,"born_in_chaos_v1:corpse_fly":2,"minecraft:stray":1,"minecraft:cow":7},"minecraft:crafted":{"minecraft:oak_planks":124,"minecraft:furnace":1,"minecraft:cooked_mutton":2,"minecraft:bow":1,"minecraft:ladder":6,"minecraft:stone_pickaxe":1,"minecraft:chest":6,"minecraft:acacia_fence":30,"minecraft:wheat":522,"minecraft:cooked_beef":8,"minecraft:cooked_porkchop":7,"minecraft:crafting_table":7,"minecraft:wooden_pickaxe":1,"minecraft:iron_helmet":1,"minecraft:iron_sword":4,"minecraft:stone_axe":2,"minecraft:bread":211,"minecraft:air":0,"minecraft:oak_boat":3,"minecraft:iron_chestplate":1,"minecraft:diamond_pickaxe":1,"minecraft:stick":104,"minecraft:iron_ingot":19,"minecraft:iron_pickaxe":2,"minecraft:stone_sword":1,"minecraft:acacia_planks":252,"minecraft:torch":204},"minecraft:broken":{"magistuarmory:rustedchainmail_helmet":1,"minecraft:iron_sword":1,"minecraft:iron_pickaxe":1},"minecraft:killed_by":{"grimoireofgaia:werecat":1,"grimoireofgaia:deathword":2,"minecraft:skeleton":1,"grimoireofgaia:creep":1}},"DataVersion":3465}