{"stats":{"minecraft:crafted":{"minecraft:oak_planks":144,"minecraft:cooked_mutton":2,"minecraft:iron_boots":1,"minecraft:bow":2,"minecraft:chest":6,"minecraft:acacia_fence":30,"minecraft:cooked_porkchop":7,"minecraft:crafting_table":9,"minecraft:wooden_pickaxe":1,"minecraft:iron_helmet":2,"minecraft:iron_chestplate":2,"minecraft:charcoal":2,"minecraft:diamond_pickaxe":2,"minecraft:stick":120,"minecraft:iron_ingot":46,"minecraft:iron_pickaxe":2,"minecraft:stone_sword":1,"minecraft:acacia_door":3,"minecraft:furnace":2,"minecraft:ladder":6,"minecraft:stone_pickaxe":1,"minecraft:wheat":522,"minecraft:cooked_beef":8,"minecraft:iron_sword":5,"alexsmobs:boiled_emu_egg":1,"minecraft:stone_axe":2,"minecraft:bread":225,"minecraft:air":0,"minecraft:oak_boat":4,"minecraft:acacia_planks":252,"minecraft:torch":252},"minecraft:killed":{"born_in_chaos_v1:mr_pumpkin":7,"born_in_chaos_v1:restless_spirit":2,"born_in_chaos_v1:skeleton_demoman":1,"born_in_chaos_v1:door_knight_not_despawn":1,"minecraft:spider":4,"grimoireofgaia:orc":1,"minecraft:skeleton":8,"minecraft:chicken":2,"born_in_chaos_v1:firelight_not_despawn":1,"grimoireofgaia:mandragora":1,"minecraft:pig":6,"born_in_chaos_v1:diamond_termite":3,"minecraft:salmon":1,"minecraft:sheep":1,"minecraft:zombie":16,"born_in_chaos_v1:dread_hound":1,"grimoireofgaia:deathword":3,"born_in_chaos_v1:corpse_fly":3,"minecraft:stray":1,"born_in_chaos_v1:door_knight":1,"orcz:orcsavage_2sword":1,"orcz:snot":1,"minecraft:cow":7,"born_in_chaos_v1:maggot":3,"mowziesmobs:umvuthana":1,"born_in_chaos_v1:felsteed":1,"born_in_chaos_v1:decrepit_skeleton":2,"orcz:goblin_2sword":1},"minecraft:picked_up":{"minecraft:wheat":154,"minecraft:enchanted_book":1,"minecraft:stone_brick_stairs":2,"tombstone:grave_key":1,"minecraft:string":11,"ancient_elements:meteorite_block":6,"minecraft:cobbled_deepslate":6,"minecraft:melon_slice":211,"minecraft:furnace":2,"grimoireofgaia:taproot":2,"minecraft:tipped_arrow":2,"minecraft:stick":16,"born_in_chaos_v1:shattered_skull":1,"minecraft:acacia_fence":2,"minecraft:torch":10,"minecraft:acacia_log":62,"magistuarmory:rusted_heavymace":2,"minecraft:porkchop":14,"tombstone:grave_dust":10,"minecraft:diorite":2,"born_in_chaos_v1:black_argillite_brick_stairs":8,"tombstone:lollipop":4,"ancient_elements:topaz_shard":3,"minecraft:orange_bed":5,"minecraft:rotten_flesh":22,"orcz:orcshroom":2,"minecraft:red_tulip":1,"alexsmobs:emu_egg":3,"minecraft:obsidian":2,"minecraft:iron_bars":2,"minecraft:cobblestone":195,"minecraft:feather":5,"minecraft:andesite":3,"ancient_elements:raw_lead":6,"minecraft:lapis_lazuli":9,"minecraft:dirt":42,"born_in_chaos_v1:monster_skin":1,"minecraft:bone":21,"minecraft:acacia_planks":46,"minecraft:bow":1,"minecraft:wheat_seeds":453,"minecraft:raw_gold":4,"minecraft:oak_planks":2,"ancient_elements:scarlet_crystal_block":5,"ancient_elements:scarlet_shard":12,"orcz:orcagaric":4,"minecraft:sand":27,"minecraft:acacia_stairs":27,"magistuarmory:rustedgreathelm":1,"alexsmobs:animal_dictionary":1,"minecraft:yellow_carpet":16,"born_in_chaos_v1:fire_dust":5,"minecraft:diamond":1,"minecraft:oak_sapling":7,"born_in_chaos_v1:rotten_fish":1,"minecraft:oak_leaves":1,"minecraft:crimson_roots":3,"minecraft:crafting_table":3,"born_in_chaos_v1:diamond_termite_shard":3,"minecraft:ladder":1,"minecraft:chicken":2,"born_in_chaos_v1:river_mint":1,"minecraft:chain":1,"minecraft:item_frame":1,"minecraft:beef":13,"minecraft:oak_boat":1,"born_in_chaos_v1:gnawed_bones":1,"minecraft:iron_nugget":8,"minecraft:poppy":3,"minecraft:birch_sapling":2,"minecraft:raw_copper_block":2,"minecraft:egg":2,"minecraft:raw_iron":44,"minecraft:sandstone":8,"ancient_elements:raw_steel":3,"magistuarmory:rustedkettlehat":2,"ancient_elements:raw_tin":31,"born_in_chaos_v1:pieceofdarkmetal":12,"born_in_chaos_v1:charmof_endurance":1,"ancient_elements:reflectine":17,"minecraft:arrow":19,"grimoireofgaia:bag_book":1,"minecraft:hay_block":58,"minecraft:pink_tulip":1,"grimoireofgaia:weapon_book":1,"born_in_chaos_v1:trident_hayfork":2,"minecraft:mutton":2,"minecraft:white_wool":1,"minecraft:skeleton_skull":2,"born_in_chaos_v1:corpse_maggot":5,"born_in_chaos_v1:monster_flesh":1,"minecraft:glow_ink_sac":2,"minecraft:leather":6,"alexsmobs:acacia_blossom":1,"minecraft:acacia_wood":2,"minecraft:filled_map":2,"minecraft:oak_log":42,"minecraft:gunpowder":1,"tombstone:voodoo_poppet":1,"minecraft:paper":3,"minecraft:cooked_mutton":3,"minecraft:apple":2,"minecraft:iron_ingot":7,"born_in_chaos_v1:chipped_black_argillite_brick":1,"minecraft:acacia_sapling":1,"minecraft:book":1,"mowziesmobs:clawed_log":1,"born_in_chaos_v1:ethereal_spirit":5,"magistuarmory:rustednorman_helmet":1,"orcz:orcamanita":2,"magistuarmory:rustedchainmail_leggings":2,"minecraft:spider_eye":1,"magistuarmory:rustedchainmail_helmet":1,"magistuarmory:rusted_bastardsword":1,"minecraft:light_blue_carpet":6,"mowziesmobs:umvuthana_mask_fear":2,"tombstone:magic_scroll":2,"minecraft:melon_seeds":4,"minecraft:coal":78},"minecraft:used":{"alexsmobs:emu_egg":1,"minecraft:ladder":5,"minecraft:chest":6,"minecraft:shield":112,"minecraft:iron_sword":601,"tombstone:lollipop":2,"born_in_chaos_v1:corpse_maggot":1,"minecraft:birch_sapling":2,"minecraft:bow":4,"minecraft:oak_sapling":1,"minecraft:furnace":4,"minecraft:cooked_cod":4,"minecraft:acacia_fence":28,"minecraft:skeleton_skull":1,"minecraft:egg":2,"minecraft:oak_planks":66,"minecraft:stone_pickaxe":84,"minecraft:wooden_pickaxe":10,"minecraft:sand":6,"minecraft:acacia_door":2,"minecraft:bread":115,"minecraft:melon_slice":109,"tombstone:grave_key":10,"minecraft:oak_boat":2,"ancient_elements:meteorite_block":1,"minecraft:stone_sword":105,"minecraft:orange_bed":5,"minecraft:torch":257,"minecraft:dirt":22,"born_in_chaos_v1:chipped_black_argillite_brick":1,"minecraft:melon_seeds":1,"minecraft:acacia_wood":1,"tombstone:gift":5,"minecraft:acacia_planks":152,"alexsmobs:boiled_emu_egg":1,"born_in_chaos_v1:trident_hayfork":279,"minecraft:wheat_seeds":160,"minecraft:cooked_mutton":4,"minecraft:baked_potato":3,"born_in_chaos_v1:black_argillite_brick_stairs":8,"minecraft:crafting_table":12,"orcz:orcamanita":1,"minecraft:oak_log":1,"minecraft:diamond_pickaxe":28,"minecraft:apple":13,"minecraft:iron_pickaxe":292,"minecraft:stone_axe":247,"minecraft:cobblestone":114,"minecraft:cooked_porkchop":7,"alexsmobs:animal_dictionary":1},"minecraft:killed_by":{"born_in_chaos_v1:nightmare_stalker":1,"minecraft:drowned":1,"grimoireofgaia:toad":2,"grimoireofgaia:cecaelia":2,"grimoireofgaia:minotaurus":2,"grimoireofgaia:deathword":2,"born_in_chaos_v1:pumpkinhead":1,"minecraft:zombie":1,"grimoireofgaia:cobblestone_golem":1,"grimoireofgaia:orc":1,"minecraft:stray":1,"born_in_chaos_v1:sir_pumpkinhead_without_horse":1,"grimoireofgaia:werecat":1,"minecraft:skeleton":1,"born_in_chaos_v1:corpse_fish":1,"grimoireofgaia:creep":1},"minecraft:custom":{"minecraft:interact_with_crafting_table":49,"minecraft:open_barrel":54,"minecraft:leave_game":19,"minecraft:time_since_death":0,"minecraft:sprint_one_cm":1955410,"minecraft:damage_blocked_by_shield":6750,"minecraft:drop":103,"tombstone:eaten_lollipop":2,"minecraft:talked_to_villager":6,"minecraft:play_time":461764,"minecraft:deaths":22,"minecraft:jump":8962,"minecraft:walk_on_water_one_cm":78891,"minecraft:interact_with_furnace":26,"minecraft:sleep_in_bed":18,"minecraft:damage_dealt":14995,"minecraft:crouch_one_cm":44090,"tombstone:undead_killed":30,"minecraft:mob_kills":84,"minecraft:damage_dealt_resisted":2271,"minecraft:climb_one_cm":26787,"minecraft:walk_one_cm":1009323,"minecraft:sneak_time":13191,"minecraft:walk_under_water_one_cm":62621,"minecraft:boat_one_cm":35565,"minecraft:total_world_time":461764,"minecraft:time_since_rest":8,"minecraft:damage_taken":11914,"minecraft:swim_one_cm":135868,"minecraft:fly_one_cm":2009068,"minecraft:open_chest":128,"minecraft:fall_one_cm":272645},"minecraft:broken":{"minecraft:iron_chestplate":1,"minecraft:chainmail_boots":1,"magistuarmory:rustedchainmail_helmet":1,"minecraft:iron_sword":1,"minecraft:shield":2,"minecraft:iron_pickaxe":1,"minecraft:iron_helmet":1},"minecraft:mined":{"orcz:orcamanita":1,"minecraft:attached_melon_stem":2,"minecraft:jungle_leaves":1,"mowziesmobs:clawed_log":2,"minecraft:light_blue_carpet":2,"minecraft:obsidian":2,"minecraft:acacia_log":62,"minecraft:grass_block":22,"minecraft:yellow_carpet":1,"minecraft:spawner":4,"minecraft:tall_seagrass":1,"minecraft:iron_ore":43,"minecraft:fire":1,"born_in_chaos_v1:black_argillite_brick_stairs":8,"ancient_elements:tin_ore":14,"minecraft:red_tulip":1,"minecraft:iron_bars":4,"minecraft:pink_tulip":1,"minecraft:orange_bed":5,"minecraft:torch":5,"minecraft:melon":42,"ancient_elements:deepslate_tin_ore":2,"minecraft:cobblestone":18,"minecraft:oak_planks":1,"minecraft:bricks":1,"minecraft:wall_torch":1,"minecraft:skeleton_skull":2,"orcz:orcagaric":2,"minecraft:wheat":162,"minecraft:stone_brick_stairs":2,"minecraft:grass":156,"orcz:blue_orcshroom":1,"minecraft:oak_log":47,"minecraft:acacia_fence":2,"minecraft:sand":10,"minecraft:dirt":21,"ancient_elements:budding_scarlet":1,"minecraft:raw_copper_block":1,"born_in_chaos_v1:infernal_evil_pumpkin_s":1,"minecraft:oak_leaves":23,"minecraft:deepslate":3,"ancient_elements:lead_ore":6,"minecraft:deepslate_diamond_ore":2,"born_in_chaos_v1:infected_diamond_ore":2,"minecraft:crimson_roots":3,"ancient_elements:meteorite_block":6,"ancient_elements:scarlet_clust":4,"minecraft:sandstone":1,"minecraft:hay_block":60,"minecraft:furnace":2,"minecraft:acacia_wood":2,"minecraft:acacia_stairs":29,"minecraft:andesite":3,"minecraft:peony":1,"minecraft:deepslate_iron_ore":1,"ancient_elements:reflectine":3,"minecraft:stone":182,"ancient_elements:steel_ore":3,"minecraft:acacia_leaves":45,"minecraft:crafting_table":3,"minecraft:tall_grass":29,"minecraft:copper_ore":1,"born_in_chaos_v1:chipped_black_argillite_brick":1,"minecraft:lapis_ore":1,"minecraft:deepslate_gold_ore":2,"minecraft:diorite":2,"minecraft:birch_leaves":4,"ancient_elements:scarlet_crystal_block":5,"minecraft:coal_ore":61,"minecraft:cobweb":4,"minecraft:acacia_planks":46,"minecraft:gold_ore":4,"minecraft:fern":3},"minecraft:dropped":{"minecraft:iron_sword":1,"minecraft:glow_ink_sac":1,"ancient_elements:raw_steel":3,"ancient_elements:raw_lead":7,"magistuarmory:rustednorman_helmet":1,"minecraft:dirt":2,"minecraft:raw_copper_block":2,"minecraft:crimson_roots":3,"born_in_chaos_v1:trident_hayfork":1,"minecraft:bone":1,"magistuarmory:rustedchainmail_leggings":2,"minecraft:iron_nugget":5,"minecraft:cobbled_deepslate":6,"born_in_chaos_v1:fire_dust":2,"alexsmobs:animal_dictionary":1,"minecraft:rotten_flesh":6,"orcz:orcshroom":1,"minecraft:acacia_stairs":1,"ancient_elements:raw_tin":15,"minecraft:poppy":1,"minecraft:tipped_arrow":1,"minecraft:gunpowder":1,"minecraft:melon_seeds":1,"minecraft:acacia_sapling":1,"minecraft:bread":17,"magistuarmory:rustedkettlehat":2,"minecraft:wheat_seeds":82,"minecraft:feather":3,"minecraft:cobblestone":32,"minecraft:book":1,"orcz:orcagaric":2,"minecraft:yellow_carpet":8,"minecraft:stick":5,"minecraft:diorite":2,"tombstone:grave_key":2,"grimoireofgaia:taproot":2,"tombstone:grave_dust":1,"minecraft:paper":2,"tombstone:voodoo_poppet":1,"minecraft:acacia_planks":1,"minecraft:pink_tulip":1,"magistuarmory:rusted_heavymace":2,"minecraft:filled_map":1,"minecraft:potato":2,"minecraft:diamond_pickaxe":1,"minecraft:oak_boat":2,"minecraft:oak_sapling":1,"minecraft:spider_eye":1,"minecraft:stone_pickaxe":1,"minecraft:wooden_pickaxe":1,"minecraft:red_tulip":1}},"DataVersion":3465}