{"stats":{"minecraft:crafted":{"minecraft:oak_planks":204,"minecraft:cooked_mutton":2,"minecraft:bow":2,"minecraft:iron_boots":1,"ancient_elements:obsidian_sword":1,"minecraft:chest":6,"minecraft:acacia_fence":30,"minecraft:oak_slab":54,"minecraft:cooked_porkchop":13,"minecraft:crafting_table":11,"minecraft:wooden_pickaxe":1,"minecraft:iron_helmet":2,"ancient_elements:tin_ingot":22,"minecraft:iron_chestplate":2,"minecraft:charcoal":5,"minecraft:diamond_pickaxe":2,"minecraft:shield":1,"minecraft:stick":124,"minecraft:iron_ingot":46,"minecraft:iron_pickaxe":2,"minecraft:stone_sword":1,"minecraft:acacia_door":3,"ancient_elements:obsidian_ingot":41,"minecraft:oak_door":3,"ancient_elements:obsidian_helmet":1,"minecraft:furnace":2,"ancient_elements:obsidian_boots":1,"minecraft:ladder":6,"ancient_elements:obsidian_leggings":1,"minecraft:stone_pickaxe":1,"minecraft:wheat":522,"minecraft:cooked_beef":13,"minecraft:iron_sword":5,"alexsmobs:boiled_emu_egg":1,"minecraft:bucket":1,"ancient_elements:obsidian_chestplate":1,"minecraft:stone_axe":2,"ancient_elements:obsidian_axe":1,"minecraft:jungle_planks":4,"minecraft:bread":237,"minecraft:air":0,"minecraft:oak_boat":4,"ancient_elements:lead_ingot":1,"minecraft:acacia_planks":252,"minecraft:torch":352,"ancient_elements:obsidian_pickaxe":1},"minecraft:killed":{"born_in_chaos_v1:mr_pumpkin":7,"born_in_chaos_v1:restless_spirit":2,"born_in_chaos_v1:skeleton_demoman":1,"born_in_chaos_v1:door_knight_not_despawn":1,"minecraft:spider":4,"grimoireofgaia:orc":1,"grimoireofgaia:goblin":1,"minecraft:skeleton":8,"minecraft:chicken":2,"born_in_chaos_v1:firelight_not_despawn":1,"grimoireofgaia:mandragora":1,"minecraft:pig":7,"born_in_chaos_v1:diamond_termite":3,"minecraft:salmon":1,"minecraft:creeper":1,"minecraft:sheep":1,"minecraft:zombie":23,"born_in_chaos_v1:dread_hound":1,"grimoireofgaia:deathword":3,"born_in_chaos_v1:corpse_fly":4,"minecraft:stray":1,"born_in_chaos_v1:door_knight":1,"orcz:orcsavage_2sword":1,"orcz:snot":1,"minecraft:cow":7,"born_in_chaos_v1:maggot":5,"mowziesmobs:umvuthana":7,"born_in_chaos_v1:felsteed":1,"born_in_chaos_v1:decrepit_skeleton":2,"orcz:goblin_2sword":1,"born_in_chaos_v1:lifestealer_true_form":1},"minecraft:picked_up":{"minecraft:wheat":192,"minecraft:enchanted_book":1,"minecraft:stone_brick_stairs":2,"tombstone:grave_key":1,"minecraft:string":11,"ancient_elements:meteorite_block":9,"minecraft:cobbled_deepslate":6,"minecraft:melon_slice":214,"minecraft:furnace":2,"grimoireofgaia:taproot":2,"minecraft:tipped_arrow":2,"minecraft:stick":54,"born_in_chaos_v1:shattered_skull":1,"minecraft:acacia_fence":2,"minecraft:torch":14,"minecraft:acacia_log":62,"magistuarmory:rusted_heavymace":2,"minecraft:porkchop":17,"tombstone:grave_dust":11,"minecraft:diorite":2,"born_in_chaos_v1:black_argillite_brick_stairs":8,"magistuarmory:rustedcrusader_chestplate":1,"tombstone:lollipop":4,"ancient_elements:topaz_shard":3,"minecraft:orange_bed":7,"minecraft:rotten_flesh":26,"orcz:orcshroom":2,"minecraft:red_tulip":1,"alexsmobs:emu_egg":5,"minecraft:obsidian":40,"minecraft:iron_bars":8,"minecraft:cobblestone":204,"minecraft:birch_log":37,"minecraft:magma_block":1,"minecraft:feather":13,"minecraft:andesite":4,"ancient_elements:obsidian_pickaxe":1,"ancient_elements:raw_lead":7,"minecraft:lapis_lazuli":9,"minecraft:dirt":49,"born_in_chaos_v1:monster_skin":1,"minecraft:bone":21,"minecraft:acacia_planks":46,"minecraft:bow":1,"minecraft:wheat_seeds":563,"minecraft:raw_gold":4,"minecraft:oak_planks":2,"ancient_elements:scarlet_crystal_block":5,"minecraft:cooked_porkchop":1,"ancient_elements:scarlet_shard":12,"orcz:orcagaric":4,"minecraft:sand":27,"minecraft:acacia_stairs":27,"magistuarmory:rustedgreathelm":1,"alexsmobs:animal_dictionary":1,"minecraft:mossy_cobblestone":1,"minecraft:yellow_carpet":16,"born_in_chaos_v1:fire_dust":5,"minecraft:diamond":1,"minecraft:oak_sapling":47,"born_in_chaos_v1:rotten_fish":1,"minecraft:oak_leaves":1,"minecraft:crimson_roots":3,"minecraft:coarse_dirt":1,"minecraft:crafting_table":3,"born_in_chaos_v1:diamond_termite_shard":3,"minecraft:ladder":1,"minecraft:chicken":2,"born_in_chaos_v1:river_mint":2,"born_in_chaos_v1:seedof_chaos":5,"minecraft:cooked_rabbit":1,"minecraft:chain":1,"born_in_chaos_v1:fired_black_argillite":1,"minecraft:item_frame":1,"minecraft:beef":13,"minecraft:oak_boat":1,"born_in_chaos_v1:gnawed_bones":1,"minecraft:iron_nugget":9,"minecraft:poppy":3,"minecraft:sugar_cane":2,"minecraft:birch_sapling":12,"minecraft:raw_copper_block":2,"minecraft:egg":6,"minecraft:raw_iron":45,"minecraft:sandstone":8,"ancient_elements:raw_steel":3,"ancient_elements:raw_tin":51,"magistuarmory:rustedkettlehat":2,"born_in_chaos_v1:pieceofdarkmetal":19,"born_in_chaos_v1:charmof_endurance":1,"ancient_elements:reflectine":17,"minecraft:arrow":19,"grimoireofgaia:bag_book":1,"minecraft:hay_block":58,"minecraft:pink_tulip":1,"grimoireofgaia:weapon_book":1,"born_in_chaos_v1:trident_hayfork":2,"minecraft:mutton":2,"minecraft:skeleton_skull":2,"minecraft:white_wool":1,"born_in_chaos_v1:corpse_maggot":6,"born_in_chaos_v1:monster_flesh":1,"minecraft:glow_ink_sac":2,"minecraft:leather":6,"alexsmobs:acacia_blossom":1,"minecraft:acacia_wood":2,"minecraft:filled_map":2,"minecraft:oak_log":156,"minecraft:gunpowder":1,"tombstone:voodoo_poppet":1,"minecraft:paper":3,"minecraft:cooked_mutton":3,"minecraft:apple":8,"minecraft:iron_ingot":7,"born_in_chaos_v1:chipped_black_argillite_brick":1,"mowziesmobs:umvuthana_mask_misery":1,"minecraft:acacia_sapling":1,"minecraft:book":1,"mowziesmobs:clawed_log":4,"minecraft:pitcher_plant":1,"magistuarmory:rustedchainmail_chestplate":1,"born_in_chaos_v1:lifestealer_bone":3,"born_in_chaos_v1:ethereal_spirit":5,"magistuarmory:rustednorman_helmet":1,"orcz:orcamanita":2,"magistuarmory:rustedchainmail_leggings":2,"minecraft:spider_eye":1,"magistuarmory:rustedchainmail_helmet":1,"magistuarmory:rusted_bastardsword":1,"minecraft:light_blue_carpet":6,"minecraft:stripped_jungle_wood":12,"mowziesmobs:umvuthana_mask_fear":2,"tombstone:magic_scroll":3,"minecraft:melon_seeds":4,"minecraft:coal":110},"minecraft:used":{"alexsmobs:emu_egg":1,"minecraft:ladder":5,"minecraft:chest":6,"minecraft:shield":137,"minecraft:iron_sword":638,"tombstone:lollipop":4,"minecraft:carrot":4,"born_in_chaos_v1:corpse_maggot":1,"minecraft:birch_sapling":2,"ancient_elements:obsidian_axe":191,"born_in_chaos_v1:fired_black_argillite":1,"minecraft:bow":8,"minecraft:cooked_cod":4,"minecraft:oak_sapling":1,"minecraft:furnace":4,"minecraft:acacia_fence":28,"minecraft:skeleton_skull":1,"minecraft:egg":3,"ancient_elements:obsidian_pickaxe":75,"minecraft:oak_planks":95,"minecraft:stone_pickaxe":84,"minecraft:wooden_pickaxe":10,"minecraft:sand":6,"ancient_elements:obsidian_sword":336,"minecraft:acacia_door":2,"minecraft:melon_slice":190,"minecraft:bread":127,"tombstone:grave_key":17,"minecraft:cooked_rabbit":2,"minecraft:andesite":1,"minecraft:oak_boat":2,"ancient_elements:meteorite_block":1,"minecraft:iron_bars":2,"minecraft:stone_sword":105,"minecraft:oak_door":3,"minecraft:orange_bed":7,"minecraft:torch":337,"minecraft:dirt":27,"born_in_chaos_v1:chipped_black_argillite_brick":1,"minecraft:melon_seeds":1,"minecraft:pitcher_plant":1,"minecraft:acacia_wood":1,"tombstone:gift":7,"minecraft:cooked_beef":9,"minecraft:acacia_planks":170,"alexsmobs:boiled_emu_egg":1,"born_in_chaos_v1:trident_hayfork":279,"minecraft:wheat_seeds":200,"minecraft:cooked_mutton":6,"minecraft:baked_potato":3,"born_in_chaos_v1:black_argillite_brick_stairs":8,"minecraft:mossy_cobblestone":1,"minecraft:oak_slab":54,"minecraft:crafting_table":14,"orcz:orcamanita":1,"minecraft:oak_log":6,"minecraft:diamond_pickaxe":73,"minecraft:apple":19,"minecraft:iron_pickaxe":296,"tombstone:magic_scroll":1,"minecraft:stone_axe":247,"minecraft:cobblestone":118,"minecraft:potion":1,"minecraft:cooked_porkchop":8,"alexsmobs:animal_dictionary":1},"minecraft:killed_by":{"born_in_chaos_v1:nightmare_stalker":4,"minecraft:drowned":1,"grimoireofgaia:toad":2,"mowziesmobs:umvuthi":1,"grimoireofgaia:cecaelia":3,"grimoireofgaia:minotaurus":2,"grimoireofgaia:deathword":2,"born_in_chaos_v1:pumpkinhead":1,"minecraft:zombie":1,"alexsmobs:komodo_dragon":1,"grimoireofgaia:cobblestone_golem":1,"minecraft:player":1,"grimoireofgaia:orc":1,"minecraft:stray":1,"grimoireofgaia:goblin":1,"born_in_chaos_v1:sir_pumpkinhead_without_horse":1,"grimoireofgaia:werecat":1,"minecraft:skeleton":1,"born_in_chaos_v1:corpse_fish":1,"grimoireofgaia:creep":1},"minecraft:custom":{"minecraft:interact_with_crafting_table":66,"minecraft:open_barrel":123,"minecraft:leave_game":28,"minecraft:time_since_death":8869,"minecraft:damage_resisted":265,"minecraft:sprint_one_cm":2773871,"minecraft:damage_blocked_by_shield":9120,"tombstone:eaten_lollipop":4,"minecraft:drop":109,"minecraft:talked_to_villager":6,"minecraft:play_time":672990,"minecraft:deaths":31,"minecraft:jump":12641,"minecraft:walk_on_water_one_cm":90877,"minecraft:interact_with_furnace":51,"minecraft:sleep_in_bed":37,"tombstone:sneak_grave":1,"minecraft:damage_dealt":19956,"minecraft:crouch_one_cm":55900,"tombstone:undead_killed":38,"minecraft:mob_kills":107,"minecraft:damage_dealt_resisted":2299,"minecraft:climb_one_cm":33930,"minecraft:walk_one_cm":1507067,"minecraft:sneak_time":16954,"minecraft:walk_under_water_one_cm":66513,"minecraft:boat_one_cm":35565,"minecraft:total_world_time":672990,"minecraft:time_since_rest":8651,"minecraft:damage_taken":16293,"minecraft:swim_one_cm":158875,"minecraft:fly_one_cm":2884805,"minecraft:open_chest":214,"minecraft:fall_one_cm":387634},"minecraft:broken":{"minecraft:iron_chestplate":1,"minecraft:chainmail_boots":1,"magistuarmory:rustedchainmail_helmet":1,"minecraft:iron_sword":1,"minecraft:shield":3,"minecraft:iron_pickaxe":1,"minecraft:iron_helmet":1},"minecraft:mined":{"orcz:orcamanita":1,"minecraft:attached_melon_stem":2,"minecraft:jungle_leaves":2,"mowziesmobs:clawed_log":5,"minecraft:light_blue_carpet":2,"minecraft:obsidian":40,"minecraft:acacia_log":62,"minecraft:grass_block":27,"minecraft:yellow_carpet":1,"minecraft:spawner":8,"minecraft:tall_seagrass":1,"minecraft:magma_block":1,"minecraft:iron_ore":44,"minecraft:fire":1,"born_in_chaos_v1:black_argillite_brick_stairs":8,"ancient_elements:tin_ore":33,"minecraft:red_tulip":1,"minecraft:iron_bars":10,"minecraft:pink_tulip":1,"minecraft:orange_bed":7,"minecraft:torch":5,"minecraft:melon":43,"ancient_elements:deepslate_tin_ore":2,"minecraft:cobblestone":18,"minecraft:oak_planks":1,"minecraft:bricks":1,"minecraft:wall_torch":1,"minecraft:skeleton_skull":2,"orcz:orcagaric":2,"minecraft:birch_log":37,"minecraft:wheat":202,"born_in_chaos_v1:fired_black_argillite":1,"born_in_chaos_v1:river_mint":2,"minecraft:stone_brick_stairs":2,"minecraft:grass":230,"orcz:blue_orcshroom":1,"minecraft:oak_log":161,"minecraft:acacia_fence":2,"minecraft:sand":10,"minecraft:dirt":23,"ancient_elements:budding_scarlet":1,"minecraft:raw_copper_block":1,"born_in_chaos_v1:infernal_evil_pumpkin_s":1,"minecraft:oak_leaves":67,"minecraft:deepslate":3,"minecraft:mossy_cobblestone":1,"ancient_elements:lead_ore":7,"minecraft:deepslate_diamond_ore":2,"born_in_chaos_v1:infected_diamond_ore":2,"minecraft:stripped_jungle_wood":13,"minecraft:crimson_roots":3,"ancient_elements:meteorite_block":10,"ancient_elements:scarlet_clust":4,"minecraft:sandstone":1,"minecraft:hay_block":60,"minecraft:furnace":2,"minecraft:acacia_wood":2,"minecraft:acacia_stairs":29,"minecraft:andesite":4,"minecraft:peony":1,"minecraft:deepslate_iron_ore":1,"ancient_elements:reflectine":3,"minecraft:stone":191,"ancient_elements:steel_ore":3,"minecraft:acacia_leaves":45,"minecraft:crafting_table":3,"minecraft:tall_grass":31,"minecraft:copper_ore":1,"born_in_chaos_v1:chipped_black_argillite_brick":1,"minecraft:lapis_ore":1,"minecraft:deepslate_gold_ore":2,"minecraft:diorite":3,"minecraft:coarse_dirt":1,"minecraft:birch_leaves":5,"ancient_elements:scarlet_crystal_block":5,"minecraft:coal_ore":93,"minecraft:pitcher_crop":1,"minecraft:cobweb":5,"minecraft:acacia_planks":46,"minecraft:stone_bricks":1,"minecraft:gold_ore":4,"minecraft:fern":3},"minecraft:dropped":{"minecraft:iron_sword":1,"minecraft:glow_ink_sac":1,"magistuarmory:rustedcrusader_chestplate":1,"ancient_elements:raw_steel":3,"ancient_elements:raw_lead":7,"magistuarmory:rustednorman_helmet":1,"minecraft:dirt":2,"minecraft:raw_copper_block":2,"ancient_elements:obsidian_pickaxe":1,"minecraft:crimson_roots":3,"born_in_chaos_v1:trident_hayfork":1,"minecraft:bone":1,"magistuarmory:rustedchainmail_leggings":2,"minecraft:sugar_cane":2,"minecraft:iron_nugget":5,"born_in_chaos_v1:fire_dust":2,"alexsmobs:animal_dictionary":1,"minecraft:cobbled_deepslate":6,"minecraft:rotten_flesh":6,"orcz:orcshroom":1,"minecraft:acacia_stairs":1,"ancient_elements:raw_tin":15,"minecraft:poppy":1,"minecraft:tipped_arrow":1,"minecraft:gunpowder":1,"minecraft:melon_seeds":1,"minecraft:acacia_sapling":1,"minecraft:bread":17,"magistuarmory:rustedkettlehat":2,"minecraft:wheat_seeds":83,"minecraft:feather":3,"minecraft:cobblestone":32,"minecraft:book":1,"orcz:orcagaric":2,"minecraft:yellow_carpet":8,"minecraft:stick":5,"born_in_chaos_v1:river_mint":1,"minecraft:diorite":2,"tombstone:grave_key":2,"grimoireofgaia:taproot":2,"tombstone:grave_dust":1,"minecraft:paper":2,"tombstone:voodoo_poppet":1,"minecraft:acacia_planks":1,"minecraft:pink_tulip":1,"magistuarmory:rusted_heavymace":2,"minecraft:filled_map":1,"minecraft:potato":2,"minecraft:diamond_pickaxe":1,"minecraft:oak_boat":2,"minecraft:oak_sapling":1,"minecraft:spider_eye":1,"minecraft:stone_pickaxe":1,"minecraft:wooden_pickaxe":1,"minecraft:red_tulip":1,"minecraft:cooked_rabbit":1}},"DataVersion":3465}