{"stats":{"minecraft:picked_up":{"minecraft:crafting_table":3,"minecraft:chicken":1,"minecraft:ladder":1,"minecraft:enchanted_book":1,"tombstone:grave_key":1,"minecraft:chain":1,"ancient_elements:meteorite_block":5,"minecraft:cobbled_deepslate":6,"minecraft:beef":13,"minecraft:oak_boat":1,"minecraft:iron_nugget":7,"minecraft:poppy":3,"minecraft:melon_slice":33,"minecraft:birch_sapling":1,"minecraft:furnace":2,"minecraft:raw_copper_block":2,"minecraft:egg":2,"grimoireofgaia:taproot":2,"minecraft:tipped_arrow":1,"minecraft:stick":9,"minecraft:raw_iron":30,"minecraft:sandstone":8,"ancient_elements:raw_steel":3,"minecraft:acacia_fence":1,"minecraft:torch":7,"minecraft:acacia_log":62,"minecraft:porkchop":6,"ancient_elements:raw_tin":29,"magistuarmory:rustedkettlehat":2,"tombstone:grave_dust":3,"minecraft:diorite":2,"tombstone:lollipop":1,"ancient_elements:topaz_shard":3,"ancient_elements:reflectine":17,"minecraft:orange_bed":1,"minecraft:arrow":15,"minecraft:rotten_flesh":3,"grimoireofgaia:bag_book":1,"minecraft:hay_block":58,"minecraft:red_tulip":1,"minecraft:pink_tulip":1,"alexsmobs:emu_egg":1,"grimoireofgaia:weapon_book":1,"minecraft:mutton":2,"minecraft:white_wool":1,"minecraft:cobblestone":158,"born_in_chaos_v1:corpse_maggot":1,"minecraft:feather":3,"minecraft:glow_ink_sac":1,"minecraft:leather":6,"alexsmobs:acacia_blossom":1,"minecraft:acacia_wood":2,"minecraft:filled_map":2,"ancient_elements:raw_lead":6,"minecraft:oak_log":32,"minecraft:paper":2,"tombstone:voodoo_poppet":1,"minecraft:lapis_lazuli":9,"minecraft:dirt":38,"minecraft:cooked_mutton":3,"minecraft:bone":13,"minecraft:acacia_planks":9,"minecraft:apple":2,"minecraft:bow":1,"minecraft:wheat_seeds":21,"minecraft:iron_ingot":5,"minecraft:acacia_sapling":1,"minecraft:oak_planks":2,"minecraft:book":1,"ancient_elements:scarlet_crystal_block":5,"ancient_elements:scarlet_shard":12,"born_in_chaos_v1:ethereal_spirit":2,"minecraft:sand":25,"orcz:orcamanita":2,"minecraft:acacia_stairs":27,"magistuarmory:rustedchainmail_leggings":2,"alexsmobs:animal_dictionary":1,"magistuarmory:rustedchainmail_helmet":1,"minecraft:yellow_carpet":8,"born_in_chaos_v1:fire_dust":5,"minecraft:diamond":1,"minecraft:light_blue_carpet":6,"tombstone:magic_scroll":2,"minecraft:oak_sapling":3,"minecraft:coal":68},"minecraft:used":{"alexsmobs:emu_egg":1,"minecraft:stone_sword":105,"minecraft:ladder":5,"minecraft:chest":4,"minecraft:shield":18,"minecraft:iron_sword":254,"tombstone:lollipop":1,"minecraft:orange_bed":1,"minecraft:torch":169,"minecraft:dirt":22,"minecraft:birch_sapling":1,"minecraft:furnace":2,"minecraft:cooked_cod":3,"tombstone:gift":5,"minecraft:acacia_fence":27,"minecraft:acacia_wood":1,"minecraft:egg":2,"minecraft:acacia_planks":101,"minecraft:cooked_mutton":4,"minecraft:oak_planks":66,"minecraft:stone_pickaxe":84,"minecraft:wooden_pickaxe":10,"minecraft:sand":5,"minecraft:crafting_table":9,"orcz:orcamanita":1,"minecraft:oak_log":1,"minecraft:apple":4,"minecraft:bread":57,"minecraft:iron_pickaxe":218,"tombstone:grave_key":5,"minecraft:stone_axe":150,"minecraft:cobblestone":56,"minecraft:cooked_porkchop":7,"minecraft:oak_boat":1,"alexsmobs:animal_dictionary":1},"minecraft:mined":{"orcz:orcamanita":1,"ancient_elements:lead_ore":6,"minecraft:deepslate_diamond_ore":2,"minecraft:light_blue_carpet":2,"born_in_chaos_v1:infected_diamond_ore":1,"minecraft:acacia_log":62,"minecraft:grass_block":18,"minecraft:yellow_carpet":1,"ancient_elements:meteorite_block":5,"ancient_elements:scarlet_clust":4,"minecraft:sandstone":1,"minecraft:hay_block":60,"minecraft:furnace":2,"minecraft:iron_ore":30,"minecraft:fire":1,"minecraft:acacia_wood":2,"minecraft:acacia_stairs":29,"ancient_elements:tin_ore":12,"minecraft:peony":1,"minecraft:red_tulip":1,"minecraft:iron_bars":2,"minecraft:pink_tulip":1,"ancient_elements:reflectine":3,"minecraft:stone":153,"minecraft:orange_bed":1,"ancient_elements:steel_ore":3,"minecraft:acacia_leaves":45,"minecraft:crafting_table":3,"minecraft:torch":4,"minecraft:melon":7,"ancient_elements:deepslate_tin_ore":2,"minecraft:copper_ore":1,"minecraft:tall_grass":14,"minecraft:cobblestone":9,"minecraft:deepslate_gold_ore":2,"minecraft:lapis_ore":1,"minecraft:oak_planks":1,"minecraft:bricks":1,"minecraft:diorite":2,"minecraft:wall_torch":1,"minecraft:wheat":2,"minecraft:birch_leaves":1,"ancient_elements:scarlet_crystal_block":5,"minecraft:grass":63,"minecraft:oak_log":32,"minecraft:coal_ore":51,"minecraft:acacia_fence":1,"minecraft:dirt":21,"minecraft:sand":9,"ancient_elements:budding_scarlet":1,"minecraft:acacia_planks":9,"minecraft:raw_copper_block":1,"born_in_chaos_v1:infernal_evil_pumpkin_s":1,"minecraft:oak_leaves":7,"minecraft:deepslate":3,"minecraft:fern":1},"minecraft:custom":{"minecraft:mob_kills":35,"minecraft:interact_with_crafting_table":34,"minecraft:damage_dealt_resisted":17,"minecraft:leave_game":14,"minecraft:time_since_death":27191,"minecraft:climb_one_cm":8862,"minecraft:sprint_one_cm":884763,"minecraft:walk_one_cm":486191,"minecraft:damage_blocked_by_shield":1110,"minecraft:drop":72,"tombstone:eaten_lollipop":1,"minecraft:talked_to_villager":2,"minecraft:play_time":227202,"minecraft:deaths":6,"minecraft:sneak_time":8108,"minecraft:walk_under_water_one_cm":32096,"minecraft:boat_one_cm":29805,"minecraft:jump":3876,"minecraft:walk_on_water_one_cm":34611,"minecraft:total_world_time":227202,"minecraft:interact_with_furnace":14,"minecraft:sleep_in_bed":8,"minecraft:time_since_rest":26823,"minecraft:damage_taken":4208,"minecraft:damage_dealt":5869,"minecraft:swim_one_cm":26375,"minecraft:fly_one_cm":814362,"minecraft:open_chest":28,"minecraft:crouch_one_cm":32473,"tombstone:undead_killed":14,"minecraft:fall_one_cm":115519},"minecraft:dropped":{"minecraft:bread":17,"magistuarmory:rustedkettlehat":2,"minecraft:wheat_seeds":11,"minecraft:feather":3,"minecraft:cobblestone":29,"minecraft:book":1,"ancient_elements:raw_steel":2,"ancient_elements:raw_lead":7,"minecraft:stick":3,"minecraft:dirt":2,"minecraft:raw_copper_block":2,"minecraft:diorite":2,"tombstone:grave_key":2,"grimoireofgaia:taproot":2,"tombstone:grave_dust":1,"minecraft:paper":2,"tombstone:voodoo_poppet":1,"minecraft:pink_tulip":1,"magistuarmory:rustedchainmail_leggings":2,"minecraft:iron_nugget":5,"born_in_chaos_v1:fire_dust":2,"alexsmobs:animal_dictionary":1,"minecraft:cobbled_deepslate":6,"minecraft:rotten_flesh":2,"minecraft:acacia_stairs":1,"ancient_elements:raw_tin":15,"minecraft:filled_map":1,"minecraft:poppy":1,"minecraft:diamond_pickaxe":1,"minecraft:oak_boat":2,"minecraft:oak_sapling":1,"minecraft:stone_pickaxe":1,"minecraft:wooden_pickaxe":1,"minecraft:red_tulip":1},"minecraft:killed":{"born_in_chaos_v1:restless_spirit":2,"born_in_chaos_v1:maggot":1,"grimoireofgaia:orc":1,"minecraft:skeleton":5,"minecraft:chicken":1,"born_in_chaos_v1:firelight_not_despawn":1,"grimoireofgaia:mandragora":1,"minecraft:pig":2,"minecraft:sheep":1,"minecraft:zombie":8,"grimoireofgaia:deathword":2,"born_in_chaos_v1:corpse_fly":2,"minecraft:stray":1,"minecraft:cow":7},"minecraft:crafted":{"minecraft:oak_planks":124,"minecraft:furnace":1,"minecraft:ladder":6,"minecraft:stone_pickaxe":1,"minecraft:chest":4,"minecraft:acacia_fence":30,"minecraft:wheat":522,"minecraft:cooked_porkchop":7,"minecraft:crafting_table":7,"minecraft:wooden_pickaxe":1,"minecraft:iron_helmet":1,"minecraft:iron_sword":3,"minecraft:stone_axe":2,"minecraft:bread":174,"minecraft:air":0,"minecraft:oak_boat":3,"minecraft:iron_chestplate":1,"minecraft:diamond_pickaxe":1,"minecraft:stick":96,"minecraft:iron_ingot":19,"minecraft:iron_pickaxe":2,"minecraft:stone_sword":1,"minecraft:acacia_planks":252,"minecraft:torch":200},"minecraft:broken":{"magistuarmory:rustedchainmail_helmet":1,"minecraft:iron_pickaxe":1},"minecraft:killed_by":{"grimoireofgaia:werecat":1,"grimoireofgaia:deathword":2,"minecraft:skeleton":1,"grimoireofgaia:creep":1}},"DataVersion":3465}