{"stats":{"minecraft:mined":{"minecraft:spruce_planks":8,"orcz:orcamanita":1,"minecraft:attached_melon_stem":2,"minecraft:jungle_leaves":3,"mowziesmobs:clawed_log":5,"minecraft:light_blue_carpet":2,"minecraft:obsidian":40,"minecraft:acacia_log":62,"minecraft:grass_block":29,"minecraft:yellow_carpet":1,"minecraft:composter":1,"minecraft:spawner":8,"minecraft:tall_seagrass":1,"minecraft:magma_block":1,"minecraft:iron_ore":44,"minecraft:fire":1,"born_in_chaos_v1:black_argillite_brick_stairs":8,"ancient_elements:tin_ore":33,"minecraft:red_tulip":1,"minecraft:iron_bars":10,"minecraft:pink_tulip":1,"minecraft:spruce_slab":44,"minecraft:orange_bed":8,"minecraft:torch":5,"minecraft:poppy":1,"minecraft:melon":43,"ancient_elements:deepslate_tin_ore":2,"minecraft:cobblestone":18,"minecraft:oak_planks":2,"minecraft:bricks":1,"minecraft:wall_torch":2,"minecraft:skeleton_skull":2,"minecraft:chain":4,"orcz:orcagaric":2,"minecraft:birch_log":37,"minecraft:wheat":202,"born_in_chaos_v1:fired_black_argillite":1,"born_in_chaos_v1:river_mint":2,"minecraft:stone_brick_stairs":2,"minecraft:grass":267,"orcz:blue_orcshroom":1,"minecraft:oak_log":161,"minecraft:acacia_fence":2,"minecraft:sand":10,"minecraft:dirt":48,"ancient_elements:budding_scarlet":1,"minecraft:raw_copper_block":1,"born_in_chaos_v1:infernal_evil_pumpkin_s":1,"minecraft:oak_leaves":67,"minecraft:deepslate":3,"minecraft:mossy_cobblestone":1,"ancient_elements:lead_ore":7,"minecraft:deepslate_diamond_ore":2,"born_in_chaos_v1:infected_diamond_ore":2,"minecraft:stripped_jungle_wood":13,"minecraft:crimson_roots":3,"ancient_elements:meteorite_block":10,"minecraft:polished_andesite_slab":1,"ancient_elements:scarlet_clust":4,"minecraft:sandstone":1,"minecraft:hay_block":60,"minecraft:furnace":3,"minecraft:acacia_wood":2,"minecraft:acacia_stairs":29,"minecraft:andesite":4,"minecraft:stripped_spruce_log":18,"minecraft:peony":1,"minecraft:deepslate_iron_ore":1,"ancient_elements:reflectine":3,"minecraft:stone":191,"ancient_elements:steel_ore":3,"minecraft:oak_slab":1,"minecraft:acacia_leaves":45,"minecraft:dandelion":1,"minecraft:crafting_table":4,"minecraft:copper_ore":1,"minecraft:tall_grass":38,"born_in_chaos_v1:chipped_black_argillite_brick":1,"minecraft:lapis_ore":1,"minecraft:deepslate_gold_ore":2,"minecraft:diorite":3,"minecraft:spruce_stairs":10,"minecraft:coarse_dirt":1,"minecraft:birch_leaves":5,"ancient_elements:scarlet_crystal_block":5,"minecraft:coal_ore":93,"minecraft:pitcher_crop":1,"minecraft:cobweb":5,"minecraft:acacia_planks":46,"minecraft:stone_bricks":1,"minecraft:gold_ore":4,"minecraft:fern":3},"minecraft:broken":{"minecraft:iron_chestplate":1,"minecraft:chainmail_boots":1,"magistuarmory:rustedchainmail_helmet":1,"minecraft:iron_sword":1,"mowziesmobs:umvuthana_mask_misery":1,"minecraft:shield":3,"minecraft:iron_pickaxe":1,"minecraft:iron_helmet":1},"minecraft:dropped":{"minecraft:iron_sword":1,"minecraft:glow_ink_sac":1,"minecraft:glass_bottle":1,"magistuarmory:rustedcrusader_chestplate":1,"ancient_elements:raw_steel":3,"ancient_elements:raw_lead":7,"magistuarmory:rustednorman_helmet":1,"minecraft:dirt":2,"minecraft:dark_oak_log":2,"minecraft:raw_copper_block":2,"ancient_elements:obsidian_pickaxe":1,"minecraft:crimson_roots":3,"born_in_chaos_v1:trident_hayfork":1,"minecraft:bone":1,"magistuarmory:rustedchainmail_leggings":2,"minecraft:sugar_cane":2,"minecraft:iron_nugget":5,"born_in_chaos_v1:fire_dust":2,"alexsmobs:animal_dictionary":1,"minecraft:cobbled_deepslate":6,"minecraft:rotten_flesh":8,"orcz:orcshroom":1,"minecraft:acacia_stairs":1,"ancient_elements:raw_tin":15,"minecraft:poppy":2,"minecraft:tipped_arrow":1,"minecraft:gunpowder":1,"minecraft:melon_seeds":1,"minecraft:acacia_sapling":1,"minecraft:bread":17,"minecraft:iron_ingot":1,"magistuarmory:rustedkettlehat":2,"minecraft:wheat_seeds":85,"minecraft:feather":3,"minecraft:cobblestone":32,"minecraft:book":1,"orcz:orcagaric":2,"minecraft:yellow_carpet":8,"minecraft:stick":5,"born_in_chaos_v1:river_mint":1,"minecraft:diorite":2,"tombstone:grave_key":2,"grimoireofgaia:taproot":2,"tombstone:grave_dust":1,"minecraft:paper":2,"tombstone:voodoo_poppet":1,"minecraft:acacia_planks":1,"minecraft:pink_tulip":1,"magistuarmory:rusted_heavymace":2,"minecraft:filled_map":1,"minecraft:potato":2,"minecraft:diamond_pickaxe":1,"minecraft:golden_leggings":1,"minecraft:oak_boat":2,"minecraft:oak_sapling":1,"minecraft:spider_eye":2,"minecraft:stone_pickaxe":1,"minecraft:wooden_pickaxe":1,"minecraft:red_tulip":1,"minecraft:cooked_rabbit":1},"minecraft:crafted":{"minecraft:oak_planks":324,"minecraft:cooked_mutton":2,"minecraft:bow":2,"minecraft:iron_boots":1,"ancient_elements:obsidian_sword":1,"minecraft:chest":10,"minecraft:acacia_fence":30,"minecraft:oak_slab":108,"minecraft:cooked_porkchop":13,"minecraft:crafting_table":12,"minecraft:spruce_planks":68,"minecraft:wooden_pickaxe":1,"minecraft:iron_helmet":2,"minecraft:campfire":1,"ancient_elements:tin_ingot":22,"minecraft:iron_chestplate":2,"minecraft:charcoal":5,"minecraft:diamond_pickaxe":2,"minecraft:shield":1,"minecraft:stick":124,"minecraft:iron_ingot":46,"minecraft:iron_pickaxe":2,"minecraft:stone_sword":1,"minecraft:acacia_door":3,"ancient_elements:obsidian_ingot":41,"minecraft:oak_door":3,"ancient_elements:obsidian_helmet":1,"minecraft:furnace":2,"minecraft:spruce_stairs":36,"ancient_elements:obsidian_boots":1,"minecraft:ladder":6,"ancient_elements:obsidian_leggings":1,"minecraft:stone_pickaxe":1,"minecraft:wheat":522,"minecraft:cooked_beef":13,"minecraft:iron_sword":5,"alexsmobs:boiled_emu_egg":1,"minecraft:bucket":1,"ancient_elements:obsidian_chestplate":1,"minecraft:stone_axe":2,"ancient_elements:obsidian_axe":1,"minecraft:bread":237,"minecraft:air":0,"minecraft:jungle_planks":4,"minecraft:oak_boat":4,"ancient_elements:lead_ingot":1,"minecraft:acacia_planks":252,"minecraft:torch":352,"ancient_elements:obsidian_pickaxe":1},"minecraft:killed":{"born_in_chaos_v1:lifestealer_true_form":1,"born_in_chaos_v1:mr_pumpkin":7,"born_in_chaos_v1:restless_spirit":3,"born_in_chaos_v1:zombie_lumberjack":1,"born_in_chaos_v1:skeleton_demoman":1,"born_in_chaos_v1:door_knight_not_despawn":1,"minecraft:spider":5,"grimoireofgaia:orc":4,"grimoireofgaia:goblin":1,"minecraft:skeleton":8,"minecraft:chicken":2,"born_in_chaos_v1:firelight_not_despawn":1,"grimoireofgaia:mandragora":1,"minecraft:pig":7,"born_in_chaos_v1:diamond_termite":3,"minecraft:salmon":1,"orcz:goblinsavagemace":1,"minecraft:creeper":1,"minecraft:sheep":1,"minecraft:zombie":23,"born_in_chaos_v1:dread_hound":2,"grimoireofgaia:deathword":3,"born_in_chaos_v1:corpse_fly":4,"minecraft:stray":1,"born_in_chaos_v1:door_knight":1,"orcz:orcsavage_2sword":1,"orcz:snot":1,"minecraft:cow":7,"born_in_chaos_v1:maggot":5,"mowziesmobs:umvuthana":7,"born_in_chaos_v1:barrel_zombie":1,"born_in_chaos_v1:felsteed":1,"born_in_chaos_v1:spirit_guide_assistant":2,"born_in_chaos_v1:decrepit_skeleton":2,"orcz:goblin_2sword":1},"minecraft:killed_by":{"born_in_chaos_v1:nightmare_stalker":4,"minecraft:drowned":1,"grimoireofgaia:toad":2,"mowziesmobs:umvuthi":1,"grimoireofgaia:cecaelia":3,"grimoireofgaia:minotaurus":2,"grimoireofgaia:deathword":2,"born_in_chaos_v1:pumpkinhead":1,"minecraft:zombie":1,"alexsmobs:komodo_dragon":1,"grimoireofgaia:cobblestone_golem":1,"minecraft:player":1,"grimoireofgaia:orc":1,"minecraft:stray":1,"grimoireofgaia:goblin":1,"born_in_chaos_v1:sir_pumpkinhead_without_horse":1,"grimoireofgaia:werecat":1,"minecraft:skeleton":1,"born_in_chaos_v1:corpse_fish":1,"grimoireofgaia:creep":1},"minecraft:used":{"minecraft:spruce_slab":26,"minecraft:ladder":5,"minecraft:chest":10,"minecraft:shield":145,"minecraft:iron_sword":644,"tombstone:lollipop":4,"minecraft:carrot":4,"born_in_chaos_v1:corpse_maggot":1,"minecraft:birch_sapling":2,"ancient_elements:obsidian_axe":274,"born_in_chaos_v1:fired_black_argillite":1,"minecraft:bow":8,"minecraft:cooked_cod":4,"minecraft:oak_sapling":1,"minecraft:furnace":5,"minecraft:acacia_fence":28,"minecraft:skeleton_skull":1,"minecraft:egg":3,"ancient_elements:obsidian_pickaxe":81,"minecraft:oak_planks":96,"minecraft:stone_pickaxe":84,"minecraft:wooden_pickaxe":10,"minecraft:sand":6,"ancient_elements:obsidian_sword":510,"minecraft:acacia_door":2,"minecraft:melon_slice":190,"minecraft:bread":137,"born_in_chaos_v1:smoked_monster_flesh":1,"tombstone:grave_key":17,"minecraft:polished_andesite_slab":1,"minecraft:cooked_rabbit":2,"minecraft:andesite":1,"minecraft:oak_boat":2,"ancient_elements:meteorite_block":1,"minecraft:iron_bars":2,"minecraft:stone_sword":105,"minecraft:spruce_planks":2,"minecraft:oak_door":3,"minecraft:orange_bed":8,"minecraft:torch":366,"minecraft:dirt":76,"minecraft:spruce_stairs":23,"born_in_chaos_v1:chipped_black_argillite_brick":1,"minecraft:melon_seeds":1,"minecraft:pitcher_plant":1,"minecraft:acacia_wood":1,"tombstone:gift":7,"minecraft:cooked_beef":13,"minecraft:acacia_planks":170,"alexsmobs:boiled_emu_egg":1,"born_in_chaos_v1:trident_hayfork":279,"minecraft:wheat_seeds":200,"minecraft:cooked_mutton":6,"minecraft:baked_potato":3,"born_in_chaos_v1:black_argillite_brick_stairs":8,"minecraft:mossy_cobblestone":1,"minecraft:oak_slab":99,"minecraft:crafting_table":16,"minecraft:campfire":1,"minecraft:cod":1,"orcz:orcamanita":1,"minecraft:oak_log":6,"minecraft:diamond_pickaxe":73,"minecraft:apple":19,"minecraft:iron_pickaxe":296,"tombstone:magic_scroll":1,"minecraft:stone_axe":247,"minecraft:cobblestone":118,"minecraft:potion":1,"minecraft:cooked_porkchop":8,"alexsmobs:animal_dictionary":1,"minecraft:dandelion":1,"alexsmobs:emu_egg":1},"minecraft:picked_up":{"minecraft:wheat":192,"minecraft:enchanted_book":1,"minecraft:stone_brick_stairs":2,"tombstone:grave_key":1,"minecraft:string":11,"ancient_elements:meteorite_block":9,"minecraft:cobbled_deepslate":6,"minecraft:spruce_planks":8,"minecraft:melon_slice":214,"minecraft:furnace":3,"grimoireofgaia:taproot":2,"minecraft:tipped_arrow":2,"minecraft:stick":54,"born_in_chaos_v1:shattered_skull":1,"minecraft:acacia_fence":2,"minecraft:composter":1,"minecraft:spruce_stairs":10,"minecraft:torch":15,"minecraft:acacia_log":62,"magistuarmory:rusted_heavymace":2,"minecraft:porkchop":17,"tombstone:grave_dust":11,"minecraft:diorite":2,"born_in_chaos_v1:black_argillite_brick_stairs":8,"magistuarmory:rustedcrusader_chestplate":1,"tombstone:lollipop":4,"ancient_elements:topaz_shard":3,"minecraft:orange_bed":8,"minecraft:rotten_flesh":28,"orcz:orcshroom":2,"minecraft:red_tulip":1,"alexsmobs:emu_egg":5,"minecraft:obsidian":40,"minecraft:iron_bars":8,"minecraft:cod":1,"minecraft:cobblestone":204,"minecraft:birch_log":37,"minecraft:magma_block":1,"minecraft:feather":13,"orcz:orcteeth":2,"minecraft:andesite":4,"minecraft:golden_leggings":1,"ancient_elements:obsidian_pickaxe":1,"ancient_elements:raw_lead":7,"minecraft:horn_coral":1,"minecraft:lapis_lazuli":9,"minecraft:dirt":112,"born_in_chaos_v1:monster_skin":2,"minecraft:bone":21,"minecraft:acacia_planks":46,"minecraft:bow":1,"minecraft:wheat_seeds":565,"minecraft:raw_gold":4,"minecraft:oak_planks":3,"ancient_elements:scarlet_crystal_block":5,"minecraft:cooked_porkchop":1,"ancient_elements:scarlet_shard":12,"orcz:orcagaric":4,"minecraft:sand":27,"minecraft:stripped_spruce_log":18,"minecraft:acacia_stairs":27,"magistuarmory:rustedgreathelm":1,"minecraft:dark_oak_log":3,"alexsmobs:animal_dictionary":1,"minecraft:mossy_cobblestone":1,"minecraft:yellow_carpet":16,"born_in_chaos_v1:fire_dust":5,"minecraft:diamond":1,"minecraft:oak_sapling":78,"born_in_chaos_v1:rotten_fish":1,"minecraft:oak_leaves":1,"minecraft:crimson_roots":3,"minecraft:coarse_dirt":1,"minecraft:crafting_table":4,"born_in_chaos_v1:diamond_termite_shard":3,"born_in_chaos_v1:smoked_monster_flesh":4,"minecraft:ladder":1,"minecraft:chicken":2,"born_in_chaos_v1:river_mint":2,"born_in_chaos_v1:seedof_chaos":5,"minecraft:cooked_rabbit":1,"minecraft:chain":5,"born_in_chaos_v1:fired_black_argillite":1,"minecraft:item_frame":1,"minecraft:beef":13,"minecraft:oak_boat":1,"born_in_chaos_v1:gnawed_bones":1,"minecraft:iron_nugget":12,"minecraft:poppy":4,"minecraft:spruce_slab":45,"minecraft:sugar_cane":2,"minecraft:birch_sapling":12,"minecraft:raw_copper_block":2,"minecraft:egg":6,"minecraft:raw_iron":45,"minecraft:sandstone":8,"ancient_elements:raw_steel":3,"grimoireofgaia:meat":3,"ancient_elements:raw_tin":51,"magistuarmory:rustedkettlehat":2,"born_in_chaos_v1:pieceofdarkmetal":19,"born_in_chaos_v1:charmof_endurance":1,"ancient_elements:reflectine":17,"minecraft:arrow":20,"grimoireofgaia:bag_book":4,"minecraft:hay_block":58,"minecraft:pink_tulip":1,"grimoireofgaia:weapon_book":1,"born_in_chaos_v1:trident_hayfork":2,"minecraft:mutton":2,"minecraft:skeleton_skull":2,"minecraft:white_wool":1,"born_in_chaos_v1:corpse_maggot":7,"born_in_chaos_v1:monster_flesh":2,"minecraft:glow_ink_sac":2,"minecraft:leather":6,"alexsmobs:acacia_blossom":1,"minecraft:acacia_wood":2,"minecraft:filled_map":2,"minecraft:oak_log":156,"minecraft:gunpowder":1,"tombstone:voodoo_poppet":1,"minecraft:paper":3,"minecraft:cooked_mutton":3,"minecraft:apple":8,"minecraft:iron_ingot":8,"born_in_chaos_v1:chipped_black_argillite_brick":1,"minecraft:polished_andesite_slab":1,"minecraft:glass_bottle":1,"mowziesmobs:umvuthana_mask_misery":1,"minecraft:acacia_sapling":1,"minecraft:book":1,"minecraft:oak_slab":1,"mowziesmobs:clawed_log":4,"minecraft:pitcher_plant":1,"magistuarmory:rustedchainmail_chestplate":1,"born_in_chaos_v1:lifestealer_bone":3,"born_in_chaos_v1:ethereal_spirit":7,"minecraft:dandelion":1,"magistuarmory:rustednorman_helmet":1,"orcz:orcamanita":2,"magistuarmory:rustedchainmail_leggings":2,"minecraft:spider_eye":2,"magistuarmory:rustedchainmail_helmet":1,"magistuarmory:rusted_bastardsword":1,"minecraft:light_blue_carpet":6,"minecraft:stripped_jungle_wood":12,"minecraft:scute":1,"mowziesmobs:umvuthana_mask_fear":2,"tombstone:magic_scroll":4,"minecraft:melon_seeds":4,"minecraft:coal":110},"minecraft:custom":{"minecraft:interact_with_crafting_table":72,"minecraft:open_barrel":141,"minecraft:leave_game":29,"minecraft:time_since_death":62713,"minecraft:damage_resisted":280,"minecraft:sprint_one_cm":2899306,"minecraft:damage_blocked_by_shield":9900,"tombstone:eaten_lollipop":4,"minecraft:drop":120,"minecraft:talked_to_villager":6,"minecraft:play_time":726834,"minecraft:deaths":31,"minecraft:jump":13174,"minecraft:walk_on_water_one_cm":91652,"minecraft:interact_with_furnace":54,"minecraft:sleep_in_bed":40,"tombstone:sneak_grave":1,"minecraft:damage_dealt":23022,"minecraft:crouch_one_cm":70328,"tombstone:undead_killed":42,"minecraft:mob_kills":120,"minecraft:interact_with_campfire":4,"minecraft:damage_dealt_resisted":2358,"minecraft:climb_one_cm":41375,"minecraft:walk_one_cm":1616971,"minecraft:sneak_time":23080,"minecraft:walk_under_water_one_cm":66848,"minecraft:boat_one_cm":35565,"minecraft:total_world_time":726834,"minecraft:time_since_rest":6552,"minecraft:damage_taken":17024,"minecraft:swim_one_cm":160695,"minecraft:fly_one_cm":2993343,"minecraft:open_chest":233,"minecraft:fall_one_cm":404696}},"DataVersion":3465}