{"stats":{"minecraft:used":{"alexsmobs:emu_egg":1,"minecraft:ladder":5,"minecraft:chest":6,"minecraft:shield":128,"minecraft:iron_sword":620,"tombstone:lollipop":4,"born_in_chaos_v1:corpse_maggot":1,"minecraft:birch_sapling":2,"born_in_chaos_v1:fired_black_argillite":1,"minecraft:bow":4,"minecraft:cooked_cod":4,"minecraft:oak_sapling":1,"minecraft:furnace":4,"minecraft:acacia_fence":28,"minecraft:skeleton_skull":1,"minecraft:egg":3,"ancient_elements:obsidian_pickaxe":50,"minecraft:oak_planks":77,"minecraft:stone_pickaxe":84,"minecraft:wooden_pickaxe":10,"minecraft:sand":6,"ancient_elements:obsidian_sword":97,"minecraft:acacia_door":2,"minecraft:melon_slice":187,"minecraft:bread":115,"tombstone:grave_key":15,"minecraft:oak_boat":2,"ancient_elements:meteorite_block":1,"minecraft:stone_sword":105,"minecraft:orange_bed":5,"minecraft:torch":260,"minecraft:dirt":27,"born_in_chaos_v1:chipped_black_argillite_brick":1,"minecraft:melon_seeds":1,"minecraft:acacia_wood":1,"tombstone:gift":7,"minecraft:cooked_beef":8,"minecraft:acacia_planks":170,"alexsmobs:boiled_emu_egg":1,"born_in_chaos_v1:trident_hayfork":279,"minecraft:wheat_seeds":160,"minecraft:cooked_mutton":5,"minecraft:baked_potato":3,"born_in_chaos_v1:black_argillite_brick_stairs":8,"minecraft:crafting_table":12,"orcz:orcamanita":1,"minecraft:oak_log":1,"minecraft:diamond_pickaxe":58,"minecraft:apple":13,"minecraft:iron_pickaxe":295,"tombstone:magic_scroll":1,"minecraft:stone_axe":247,"minecraft:cobblestone":117,"minecraft:cooked_porkchop":7,"alexsmobs:animal_dictionary":1},"minecraft:killed_by":{"born_in_chaos_v1:nightmare_stalker":4,"minecraft:drowned":1,"grimoireofgaia:toad":2,"mowziesmobs:umvuthi":1,"grimoireofgaia:cecaelia":3,"grimoireofgaia:minotaurus":2,"grimoireofgaia:deathword":2,"born_in_chaos_v1:pumpkinhead":1,"minecraft:zombie":1,"alexsmobs:komodo_dragon":1,"grimoireofgaia:cobblestone_golem":1,"grimoireofgaia:orc":1,"minecraft:stray":1,"born_in_chaos_v1:sir_pumpkinhead_without_horse":1,"grimoireofgaia:werecat":1,"minecraft:skeleton":1,"born_in_chaos_v1:corpse_fish":1,"grimoireofgaia:creep":1},"minecraft:dropped":{"minecraft:iron_sword":1,"minecraft:glow_ink_sac":1,"magistuarmory:rustedcrusader_chestplate":1,"ancient_elements:raw_steel":3,"ancient_elements:raw_lead":7,"magistuarmory:rustednorman_helmet":1,"minecraft:dirt":2,"minecraft:raw_copper_block":2,"minecraft:crimson_roots":3,"born_in_chaos_v1:trident_hayfork":1,"minecraft:bone":1,"magistuarmory:rustedchainmail_leggings":2,"minecraft:iron_nugget":5,"born_in_chaos_v1:fire_dust":2,"alexsmobs:animal_dictionary":1,"minecraft:cobbled_deepslate":6,"minecraft:rotten_flesh":6,"orcz:orcshroom":1,"minecraft:acacia_stairs":1,"ancient_elements:raw_tin":15,"minecraft:poppy":1,"minecraft:tipped_arrow":1,"minecraft:gunpowder":1,"minecraft:melon_seeds":1,"minecraft:acacia_sapling":1,"minecraft:bread":17,"magistuarmory:rustedkettlehat":2,"minecraft:wheat_seeds":83,"minecraft:feather":3,"minecraft:cobblestone":32,"minecraft:book":1,"orcz:orcagaric":2,"minecraft:yellow_carpet":8,"minecraft:stick":5,"minecraft:diorite":2,"tombstone:grave_key":2,"grimoireofgaia:taproot":2,"tombstone:grave_dust":1,"minecraft:paper":2,"tombstone:voodoo_poppet":1,"minecraft:acacia_planks":1,"minecraft:pink_tulip":1,"magistuarmory:rusted_heavymace":2,"minecraft:filled_map":1,"minecraft:potato":2,"minecraft:diamond_pickaxe":1,"minecraft:oak_boat":2,"minecraft:oak_sapling":1,"minecraft:spider_eye":1,"minecraft:stone_pickaxe":1,"minecraft:wooden_pickaxe":1,"minecraft:red_tulip":1},"minecraft:broken":{"minecraft:iron_chestplate":1,"minecraft:chainmail_boots":1,"magistuarmory:rustedchainmail_helmet":1,"minecraft:iron_sword":1,"minecraft:shield":3,"minecraft:iron_pickaxe":1,"minecraft:iron_helmet":1},"minecraft:custom":{"minecraft:interact_with_crafting_table":56,"minecraft:open_barrel":100,"minecraft:leave_game":22,"minecraft:time_since_death":35699,"minecraft:damage_resisted":5,"minecraft:sprint_one_cm":2445351,"minecraft:damage_blocked_by_shield":8055,"minecraft:drop":105,"tombstone:eaten_lollipop":4,"minecraft:talked_to_villager":6,"minecraft:play_time":576357,"minecraft:deaths":29,"minecraft:jump":11556,"minecraft:walk_on_water_one_cm":88012,"minecraft:interact_with_furnace":44,"minecraft:sleep_in_bed":28,"tombstone:sneak_grave":1,"minecraft:damage_dealt":16406,"minecraft:crouch_one_cm":51539,"tombstone:undead_killed":32,"minecraft:mob_kills":96,"minecraft:damage_dealt_resisted":2299,"minecraft:climb_one_cm":33405,"minecraft:walk_one_cm":1248391,"minecraft:sneak_time":15472,"minecraft:walk_under_water_one_cm":65312,"minecraft:boat_one_cm":35565,"minecraft:total_world_time":576357,"minecraft:time_since_rest":4130,"minecraft:damage_taken":15070,"minecraft:swim_one_cm":154655,"minecraft:fly_one_cm":2615794,"minecraft:open_chest":160,"minecraft:fall_one_cm":357445},"minecraft:mined":{"orcz:orcamanita":1,"minecraft:attached_melon_stem":2,"minecraft:jungle_leaves":2,"mowziesmobs:clawed_log":2,"minecraft:light_blue_carpet":2,"minecraft:obsidian":37,"minecraft:acacia_log":62,"minecraft:grass_block":27,"minecraft:yellow_carpet":1,"minecraft:spawner":5,"minecraft:tall_seagrass":1,"minecraft:magma_block":1,"minecraft:iron_ore":44,"minecraft:fire":1,"born_in_chaos_v1:black_argillite_brick_stairs":8,"ancient_elements:tin_ore":33,"minecraft:red_tulip":1,"minecraft:iron_bars":4,"minecraft:pink_tulip":1,"minecraft:orange_bed":5,"minecraft:torch":5,"minecraft:melon":42,"ancient_elements:deepslate_tin_ore":2,"minecraft:cobblestone":18,"minecraft:oak_planks":1,"minecraft:bricks":1,"minecraft:wall_torch":1,"minecraft:skeleton_skull":2,"orcz:orcagaric":2,"minecraft:wheat":162,"born_in_chaos_v1:fired_black_argillite":1,"minecraft:stone_brick_stairs":2,"minecraft:grass":201,"orcz:blue_orcshroom":1,"minecraft:oak_log":47,"minecraft:acacia_fence":2,"minecraft:sand":10,"minecraft:dirt":23,"ancient_elements:budding_scarlet":1,"minecraft:raw_copper_block":1,"born_in_chaos_v1:infernal_evil_pumpkin_s":1,"minecraft:oak_leaves":44,"minecraft:deepslate":3,"ancient_elements:lead_ore":7,"minecraft:deepslate_diamond_ore":2,"born_in_chaos_v1:infected_diamond_ore":2,"minecraft:crimson_roots":3,"ancient_elements:meteorite_block":10,"ancient_elements:scarlet_clust":4,"minecraft:sandstone":1,"minecraft:hay_block":60,"minecraft:furnace":2,"minecraft:acacia_wood":2,"minecraft:acacia_stairs":29,"minecraft:andesite":3,"minecraft:peony":1,"minecraft:deepslate_iron_ore":1,"ancient_elements:reflectine":3,"minecraft:stone":190,"ancient_elements:steel_ore":3,"minecraft:acacia_leaves":45,"minecraft:crafting_table":3,"minecraft:tall_grass":29,"minecraft:copper_ore":1,"born_in_chaos_v1:chipped_black_argillite_brick":1,"minecraft:lapis_ore":1,"minecraft:deepslate_gold_ore":2,"minecraft:diorite":2,"minecraft:coarse_dirt":1,"minecraft:birch_leaves":4,"ancient_elements:scarlet_crystal_block":5,"minecraft:coal_ore":71,"minecraft:cobweb":4,"minecraft:acacia_planks":46,"minecraft:gold_ore":4,"minecraft:fern":3},"minecraft:crafted":{"minecraft:oak_planks":144,"minecraft:cooked_mutton":2,"minecraft:iron_boots":1,"minecraft:bow":2,"ancient_elements:obsidian_sword":1,"minecraft:chest":6,"minecraft:acacia_fence":30,"minecraft:cooked_porkchop":7,"minecraft:crafting_table":9,"minecraft:wooden_pickaxe":1,"minecraft:iron_helmet":2,"ancient_elements:tin_ingot":22,"minecraft:iron_chestplate":2,"minecraft:charcoal":5,"minecraft:diamond_pickaxe":2,"minecraft:stick":124,"minecraft:iron_ingot":46,"minecraft:iron_pickaxe":2,"minecraft:stone_sword":1,"minecraft:acacia_door":3,"ancient_elements:obsidian_ingot":38,"ancient_elements:obsidian_helmet":1,"minecraft:furnace":2,"ancient_elements:obsidian_boots":1,"minecraft:ladder":6,"ancient_elements:obsidian_leggings":1,"minecraft:stone_pickaxe":1,"minecraft:wheat":522,"minecraft:cooked_beef":8,"minecraft:iron_sword":5,"alexsmobs:boiled_emu_egg":1,"ancient_elements:obsidian_chestplate":1,"minecraft:stone_axe":2,"minecraft:bread":225,"minecraft:air":0,"minecraft:oak_boat":4,"ancient_elements:lead_ingot":1,"minecraft:acacia_planks":252,"minecraft:torch":252,"ancient_elements:obsidian_pickaxe":1},"minecraft:picked_up":{"minecraft:wheat":154,"minecraft:enchanted_book":1,"minecraft:stone_brick_stairs":2,"tombstone:grave_key":1,"minecraft:string":11,"ancient_elements:meteorite_block":9,"minecraft:cobbled_deepslate":6,"minecraft:melon_slice":211,"minecraft:furnace":2,"grimoireofgaia:taproot":2,"minecraft:tipped_arrow":2,"minecraft:stick":18,"born_in_chaos_v1:shattered_skull":1,"minecraft:acacia_fence":2,"minecraft:torch":11,"minecraft:acacia_log":62,"magistuarmory:rusted_heavymace":2,"minecraft:porkchop":17,"tombstone:grave_dust":10,"minecraft:diorite":2,"born_in_chaos_v1:black_argillite_brick_stairs":8,"magistuarmory:rustedcrusader_chestplate":1,"tombstone:lollipop":4,"ancient_elements:topaz_shard":3,"minecraft:orange_bed":5,"minecraft:rotten_flesh":24,"orcz:orcshroom":2,"minecraft:red_tulip":1,"alexsmobs:emu_egg":4,"minecraft:obsidian":37,"minecraft:iron_bars":2,"minecraft:cobblestone":203,"minecraft:magma_block":1,"minecraft:feather":13,"minecraft:andesite":3,"ancient_elements:raw_lead":7,"minecraft:lapis_lazuli":9,"minecraft:dirt":49,"born_in_chaos_v1:monster_skin":1,"minecraft:bone":21,"minecraft:acacia_planks":46,"minecraft:bow":1,"minecraft:wheat_seeds":454,"minecraft:raw_gold":4,"minecraft:oak_planks":2,"ancient_elements:scarlet_crystal_block":5,"ancient_elements:scarlet_shard":12,"orcz:orcagaric":4,"minecraft:sand":27,"minecraft:acacia_stairs":27,"magistuarmory:rustedgreathelm":1,"alexsmobs:animal_dictionary":1,"minecraft:yellow_carpet":16,"born_in_chaos_v1:fire_dust":5,"minecraft:diamond":1,"minecraft:oak_sapling":7,"born_in_chaos_v1:rotten_fish":1,"minecraft:oak_leaves":1,"minecraft:crimson_roots":3,"minecraft:coarse_dirt":1,"minecraft:crafting_table":3,"born_in_chaos_v1:diamond_termite_shard":3,"minecraft:ladder":1,"minecraft:chicken":2,"born_in_chaos_v1:river_mint":1,"minecraft:chain":1,"born_in_chaos_v1:fired_black_argillite":1,"minecraft:item_frame":1,"minecraft:beef":13,"minecraft:oak_boat":1,"born_in_chaos_v1:gnawed_bones":1,"minecraft:iron_nugget":8,"minecraft:poppy":3,"minecraft:birch_sapling":2,"minecraft:raw_copper_block":2,"minecraft:egg":6,"minecraft:raw_iron":45,"minecraft:sandstone":8,"ancient_elements:raw_steel":3,"ancient_elements:raw_tin":51,"magistuarmory:rustedkettlehat":2,"born_in_chaos_v1:charmof_endurance":1,"born_in_chaos_v1:pieceofdarkmetal":12,"ancient_elements:reflectine":17,"minecraft:arrow":19,"grimoireofgaia:bag_book":1,"minecraft:hay_block":58,"minecraft:pink_tulip":1,"grimoireofgaia:weapon_book":1,"born_in_chaos_v1:trident_hayfork":2,"minecraft:mutton":2,"minecraft:skeleton_skull":2,"minecraft:white_wool":1,"born_in_chaos_v1:corpse_maggot":5,"born_in_chaos_v1:monster_flesh":1,"minecraft:glow_ink_sac":2,"minecraft:leather":6,"alexsmobs:acacia_blossom":1,"minecraft:acacia_wood":2,"minecraft:filled_map":2,"minecraft:oak_log":42,"minecraft:gunpowder":1,"tombstone:voodoo_poppet":1,"minecraft:paper":3,"minecraft:cooked_mutton":3,"minecraft:apple":2,"minecraft:iron_ingot":7,"born_in_chaos_v1:chipped_black_argillite_brick":1,"mowziesmobs:umvuthana_mask_misery":1,"minecraft:acacia_sapling":1,"minecraft:book":1,"mowziesmobs:clawed_log":1,"born_in_chaos_v1:ethereal_spirit":5,"magistuarmory:rustednorman_helmet":1,"orcz:orcamanita":2,"magistuarmory:rustedchainmail_leggings":2,"minecraft:spider_eye":1,"magistuarmory:rustedchainmail_helmet":1,"magistuarmory:rusted_bastardsword":1,"minecraft:light_blue_carpet":6,"mowziesmobs:umvuthana_mask_fear":2,"tombstone:magic_scroll":3,"minecraft:melon_seeds":4,"minecraft:coal":88},"minecraft:killed":{"born_in_chaos_v1:mr_pumpkin":7,"born_in_chaos_v1:restless_spirit":2,"born_in_chaos_v1:skeleton_demoman":1,"born_in_chaos_v1:door_knight_not_despawn":1,"minecraft:spider":4,"grimoireofgaia:orc":1,"minecraft:skeleton":8,"minecraft:chicken":2,"born_in_chaos_v1:firelight_not_despawn":1,"grimoireofgaia:mandragora":1,"minecraft:pig":7,"born_in_chaos_v1:diamond_termite":3,"minecraft:salmon":1,"minecraft:sheep":1,"minecraft:zombie":18,"born_in_chaos_v1:dread_hound":1,"grimoireofgaia:deathword":3,"born_in_chaos_v1:corpse_fly":4,"minecraft:stray":1,"born_in_chaos_v1:door_knight":1,"orcz:orcsavage_2sword":1,"orcz:snot":1,"minecraft:cow":7,"born_in_chaos_v1:maggot":4,"mowziesmobs:umvuthana":7,"born_in_chaos_v1:felsteed":1,"born_in_chaos_v1:decrepit_skeleton":2,"orcz:goblin_2sword":1}},"DataVersion":3465}