{"stats":{"minecraft:used":{"minecraft:cooked_mutton":1,"minecraft:stone_sword":105,"minecraft:ladder":5,"minecraft:stone_pickaxe":78,"minecraft:oak_planks":66,"minecraft:chest":2,"minecraft:wooden_pickaxe":10,"minecraft:iron_sword":1,"tombstone:lollipop":1,"minecraft:orange_bed":1,"minecraft:torch":22,"minecraft:sand":5,"minecraft:crafting_table":4,"minecraft:oak_log":1,"minecraft:apple":2,"minecraft:bread":3,"minecraft:birch_sapling":1,"tombstone:grave_key":4,"minecraft:stone_axe":126,"minecraft:cobblestone":31,"minecraft:acacia_fence":13,"minecraft:cooked_cod":3,"minecraft:cooked_porkchop":7,"minecraft:acacia_wood":1,"minecraft:oak_boat":1,"tombstone:gift":3,"alexsmobs:animal_dictionary":1,"minecraft:egg":2,"minecraft:acacia_planks":99},"minecraft:killed_by":{"grimoireofgaia:deathword":2,"minecraft:skeleton":1,"grimoireofgaia:werecat":1},"minecraft:dropped":{"minecraft:wheat_seeds":10,"minecraft:iron_nugget":4,"born_in_chaos_v1:fire_dust":2,"alexsmobs:animal_dictionary":1,"minecraft:feather":3,"minecraft:book":1,"minecraft:acacia_stairs":1,"minecraft:stick":3,"minecraft:filled_map":1,"minecraft:poppy":1,"tombstone:grave_key":2,"minecraft:diamond_pickaxe":1,"grimoireofgaia:taproot":2,"minecraft:oak_boat":2,"tombstone:grave_dust":1,"minecraft:wooden_pickaxe":1,"minecraft:red_tulip":1,"minecraft:pink_tulip":1},"minecraft:custom":{"minecraft:interact_with_furnace":3,"minecraft:mob_kills":12,"minecraft:interact_with_crafting_table":18,"minecraft:leave_game":6,"minecraft:time_since_death":60521,"minecraft:sleep_in_bed":4,"minecraft:climb_one_cm":4288,"minecraft:time_since_rest":3220,"minecraft:sprint_one_cm":403107,"minecraft:damage_taken":1813,"minecraft:walk_one_cm":227461,"minecraft:drop":28,"tombstone:eaten_lollipop":1,"minecraft:damage_dealt":1725,"minecraft:swim_one_cm":9262,"minecraft:talked_to_villager":1,"minecraft:fly_one_cm":276165,"minecraft:open_chest":11,"minecraft:crouch_one_cm":16237,"minecraft:play_time":95481,"tombstone:undead_killed":3,"minecraft:deaths":5,"minecraft:sneak_time":3723,"minecraft:walk_under_water_one_cm":8967,"minecraft:boat_one_cm":29805,"minecraft:jump":1441,"minecraft:walk_on_water_one_cm":5650,"minecraft:total_world_time":95481,"minecraft:fall_one_cm":44978},"minecraft:mined":{"minecraft:acacia_leaves":42,"minecraft:torch":2,"minecraft:acacia_log":40,"minecraft:grass_block":4,"minecraft:melon":7,"minecraft:tall_grass":10,"minecraft:cobblestone":6,"minecraft:oak_planks":1,"minecraft:sandstone":1,"minecraft:wall_torch":1,"minecraft:hay_block":49,"minecraft:fire":1,"minecraft:wheat":2,"minecraft:acacia_wood":2,"minecraft:acacia_stairs":29,"minecraft:birch_leaves":1,"minecraft:grass":14,"minecraft:oak_log":32,"minecraft:red_tulip":1,"minecraft:coal_ore":33,"minecraft:acacia_fence":1,"minecraft:sand":8,"minecraft:dirt":6,"minecraft:pink_tulip":1,"minecraft:acacia_planks":8,"minecraft:stone":45,"minecraft:orange_bed":1,"minecraft:oak_leaves":5},"minecraft:crafted":{"minecraft:oak_planks":124,"minecraft:cooked_porkchop":7,"minecraft:crafting_table":4,"minecraft:wooden_pickaxe":1,"minecraft:iron_sword":3,"minecraft:stone_axe":1,"minecraft:bread":141,"minecraft:air":0,"minecraft:oak_boat":3,"minecraft:diamond_pickaxe":1,"minecraft:ladder":6,"minecraft:stick":48,"minecraft:stone_pickaxe":1,"minecraft:stone_sword":1,"minecraft:chest":2,"minecraft:acacia_fence":30,"minecraft:acacia_planks":164,"minecraft:torch":32,"minecraft:wheat":423},"minecraft:picked_up":{"born_in_chaos_v1:corpse_maggot":1,"minecraft:feather":3,"minecraft:chicken":1,"minecraft:ladder":1,"alexsmobs:acacia_blossom":1,"minecraft:acacia_wood":2,"minecraft:enchanted_book":1,"minecraft:filled_map":2,"minecraft:oak_log":32,"tombstone:grave_key":1,"minecraft:dirt":12,"minecraft:cooked_mutton":3,"minecraft:bone":2,"minecraft:acacia_planks":8,"minecraft:apple":2,"minecraft:wheat_seeds":10,"minecraft:oak_boat":1,"minecraft:iron_nugget":6,"minecraft:poppy":1,"minecraft:acacia_sapling":1,"minecraft:melon_slice":33,"minecraft:birch_sapling":1,"minecraft:oak_planks":2,"minecraft:egg":2,"minecraft:book":1,"grimoireofgaia:taproot":2,"minecraft:stick":9,"minecraft:sandstone":8,"minecraft:acacia_fence":1,"minecraft:acacia_log":40,"minecraft:torch":4,"born_in_chaos_v1:ethereal_spirit":1,"minecraft:porkchop":6,"minecraft:sand":25,"tombstone:grave_dust":1,"minecraft:acacia_stairs":27,"alexsmobs:animal_dictionary":1,"tombstone:lollipop":1,"minecraft:orange_bed":1,"minecraft:arrow":2,"minecraft:rotten_flesh":1,"born_in_chaos_v1:fire_dust":4,"grimoireofgaia:bag_book":1,"minecraft:hay_block":47,"minecraft:red_tulip":1,"minecraft:pink_tulip":1,"minecraft:oak_sapling":2,"minecraft:mutton":2,"minecraft:coal":33,"minecraft:white_wool":1,"minecraft:cobblestone":52},"minecraft:killed":{"minecraft:pig":2,"born_in_chaos_v1:restless_spirit":1,"grimoireofgaia:orc":1,"born_in_chaos_v1:maggot":1,"minecraft:sheep":1,"minecraft:skeleton":1,"minecraft:zombie":2,"grimoireofgaia:deathword":1,"minecraft:chicken":1,"grimoireofgaia:mandragora":1}},"DataVersion":3465}