{"stats":{"minecraft:used":{"minecraft:oak_log":1,"minecraft:birch_sapling":1,"tombstone:gift":1,"alexsmobs:animal_dictionary":1,"minecraft:wooden_pickaxe":9,"tombstone:grave_key":2},"minecraft:killed_by":{"grimoireofgaia:werecat":1},"minecraft:dropped":{"tombstone:grave_dust":1,"minecraft:feather":2,"alexsmobs:animal_dictionary":1,"tombstone:grave_key":2},"minecraft:custom":{"minecraft:time_since_rest":2073,"minecraft:crouch_one_cm":339,"minecraft:deaths":2,"minecraft:sprint_one_cm":49655,"minecraft:play_time":11704,"minecraft:damage_taken":470,"minecraft:walk_one_cm":21924,"minecraft:sneak_time":187,"minecraft:walk_under_water_one_cm":7727,"minecraft:drop":6,"minecraft:jump":262,"minecraft:damage_dealt":22,"minecraft:leave_game":5,"minecraft:walk_on_water_one_cm":960,"minecraft:time_since_death":2274,"minecraft:total_world_time":11704,"minecraft:swim_one_cm":4683,"minecraft:interact_with_crafting_table":3,"minecraft:fall_one_cm":11237,"minecraft:fly_one_cm":50659},"minecraft:mined":{"minecraft:oak_log":5,"minecraft:stone":9,"minecraft:birch_leaves":1,"minecraft:oak_leaves":3},"minecraft:crafted":{"minecraft:oak_planks":16,"minecraft:stick":4,"minecraft:wooden_pickaxe":1,"minecraft:stone_sword":1},"minecraft:picked_up":{"minecraft:feather":2,"minecraft:oak_log":5,"tombstone:grave_key":1,"minecraft:birch_sapling":1,"alexsmobs:animal_dictionary":1,"minecraft:cobblestone":9}},"DataVersion":3465}