{"stats":{"minecraft:crafted":{"minecraft:oak_planks":124,"minecraft:furnace":1,"minecraft:ladder":6,"minecraft:stone_pickaxe":1,"minecraft:chest":4,"minecraft:acacia_fence":30,"minecraft:wheat":522,"minecraft:cooked_porkchop":7,"minecraft:crafting_table":7,"minecraft:wooden_pickaxe":1,"minecraft:iron_helmet":1,"minecraft:iron_sword":3,"minecraft:stone_axe":2,"minecraft:bread":174,"minecraft:air":0,"minecraft:oak_boat":3,"minecraft:iron_chestplate":1,"minecraft:diamond_pickaxe":1,"minecraft:stick":76,"minecraft:iron_ingot":14,"minecraft:iron_pickaxe":1,"minecraft:stone_sword":1,"minecraft:acacia_planks":252,"minecraft:torch":128},"minecraft:killed":{"born_in_chaos_v1:restless_spirit":2,"born_in_chaos_v1:maggot":1,"grimoireofgaia:orc":1,"minecraft:skeleton":4,"minecraft:chicken":1,"born_in_chaos_v1:firelight_not_despawn":1,"grimoireofgaia:mandragora":1,"minecraft:pig":2,"minecraft:sheep":1,"minecraft:zombie":3,"grimoireofgaia:deathword":1,"born_in_chaos_v1:corpse_fly":2,"minecraft:stray":1,"minecraft:cow":7},"minecraft:picked_up":{"minecraft:crafting_table":2,"minecraft:chicken":1,"minecraft:ladder":1,"minecraft:enchanted_book":1,"tombstone:grave_key":1,"minecraft:chain":1,"ancient_elements:meteorite_block":5,"minecraft:beef":13,"minecraft:oak_boat":1,"minecraft:iron_nugget":6,"minecraft:poppy":3,"minecraft:melon_slice":33,"minecraft:birch_sapling":1,"minecraft:furnace":1,"minecraft:raw_copper_block":1,"minecraft:egg":2,"grimoireofgaia:taproot":2,"minecraft:tipped_arrow":1,"minecraft:stick":9,"minecraft:raw_iron":16,"minecraft:sandstone":8,"ancient_elements:raw_steel":1,"minecraft:acacia_fence":1,"minecraft:torch":5,"minecraft:acacia_log":62,"minecraft:porkchop":6,"ancient_elements:raw_tin":11,"magistuarmory:rustedkettlehat":1,"tombstone:grave_dust":1,"minecraft:diorite":2,"tombstone:lollipop":1,"minecraft:orange_bed":1,"minecraft:arrow":11,"minecraft:rotten_flesh":1,"grimoireofgaia:bag_book":1,"minecraft:hay_block":58,"minecraft:red_tulip":1,"minecraft:pink_tulip":1,"alexsmobs:emu_egg":1,"minecraft:mutton":2,"minecraft:cobblestone":89,"minecraft:white_wool":1,"born_in_chaos_v1:corpse_maggot":1,"minecraft:feather":3,"minecraft:leather":6,"alexsmobs:acacia_blossom":1,"minecraft:acacia_wood":2,"minecraft:filled_map":2,"ancient_elements:raw_lead":6,"minecraft:oak_log":32,"tombstone:voodoo_poppet":1,"minecraft:lapis_lazuli":9,"minecraft:dirt":37,"minecraft:cooked_mutton":3,"minecraft:bone":12,"minecraft:acacia_planks":9,"minecraft:apple":2,"minecraft:bow":1,"minecraft:wheat_seeds":21,"minecraft:iron_ingot":5,"minecraft:acacia_sapling":1,"minecraft:oak_planks":2,"minecraft:book":1,"born_in_chaos_v1:ethereal_spirit":2,"minecraft:sand":25,"orcz:orcamanita":2,"minecraft:acacia_stairs":27,"magistuarmory:rustedchainmail_leggings":1,"alexsmobs:animal_dictionary":1,"magistuarmory:rustedchainmail_helmet":1,"minecraft:yellow_carpet":8,"born_in_chaos_v1:fire_dust":5,"minecraft:light_blue_carpet":6,"tombstone:magic_scroll":1,"minecraft:oak_sapling":3,"minecraft:coal":68},"minecraft:used":{"alexsmobs:emu_egg":1,"minecraft:stone_sword":105,"minecraft:ladder":5,"minecraft:chest":4,"minecraft:shield":10,"minecraft:iron_sword":135,"tombstone:lollipop":1,"minecraft:orange_bed":1,"minecraft:torch":96,"minecraft:dirt":4,"minecraft:birch_sapling":1,"minecraft:furnace":1,"minecraft:cooked_cod":3,"tombstone:gift":3,"minecraft:acacia_fence":27,"minecraft:acacia_wood":1,"minecraft:egg":2,"minecraft:acacia_planks":101,"minecraft:cooked_mutton":4,"minecraft:oak_planks":66,"minecraft:stone_pickaxe":84,"minecraft:wooden_pickaxe":10,"minecraft:sand":5,"minecraft:crafting_table":8,"orcz:orcamanita":1,"minecraft:oak_log":1,"minecraft:apple":4,"minecraft:bread":48,"minecraft:iron_pickaxe":101,"tombstone:grave_key":4,"minecraft:stone_axe":150,"minecraft:cobblestone":31,"minecraft:cooked_porkchop":7,"minecraft:oak_boat":1,"alexsmobs:animal_dictionary":1},"minecraft:killed_by":{"grimoireofgaia:werecat":1,"grimoireofgaia:deathword":2,"minecraft:skeleton":1},"minecraft:custom":{"minecraft:mob_kills":28,"minecraft:interact_with_crafting_table":31,"minecraft:damage_dealt_resisted":17,"minecraft:leave_game":11,"minecraft:time_since_death":161477,"minecraft:climb_one_cm":8862,"minecraft:sprint_one_cm":853878,"minecraft:walk_one_cm":430406,"minecraft:damage_blocked_by_shield":585,"minecraft:drop":47,"tombstone:eaten_lollipop":1,"minecraft:talked_to_villager":2,"minecraft:play_time":196437,"minecraft:deaths":5,"minecraft:sneak_time":5059,"minecraft:walk_under_water_one_cm":10886,"minecraft:boat_one_cm":29805,"minecraft:jump":3566,"minecraft:walk_on_water_one_cm":16861,"minecraft:total_world_time":196437,"minecraft:interact_with_furnace":10,"minecraft:sleep_in_bed":8,"minecraft:time_since_rest":18324,"minecraft:damage_taken":3530,"minecraft:damage_dealt":4070,"minecraft:swim_one_cm":23365,"minecraft:fly_one_cm":792532,"minecraft:open_chest":28,"minecraft:crouch_one_cm":20600,"tombstone:undead_killed":8,"minecraft:fall_one_cm":110610},"minecraft:broken":{"magistuarmory:rustedchainmail_helmet":1},"minecraft:mined":{"orcz:orcamanita":1,"ancient_elements:lead_ore":6,"minecraft:light_blue_carpet":2,"minecraft:acacia_log":62,"minecraft:grass_block":18,"minecraft:yellow_carpet":1,"ancient_elements:meteorite_block":5,"minecraft:sandstone":1,"minecraft:hay_block":60,"minecraft:furnace":1,"minecraft:iron_ore":16,"minecraft:fire":1,"minecraft:acacia_wood":2,"minecraft:acacia_stairs":29,"ancient_elements:tin_ore":11,"minecraft:peony":1,"minecraft:red_tulip":1,"minecraft:iron_bars":2,"minecraft:pink_tulip":1,"minecraft:stone":82,"minecraft:orange_bed":1,"ancient_elements:steel_ore":1,"minecraft:acacia_leaves":45,"minecraft:crafting_table":2,"minecraft:torch":3,"minecraft:melon":7,"minecraft:tall_grass":14,"minecraft:cobblestone":6,"minecraft:lapis_ore":1,"minecraft:oak_planks":1,"minecraft:bricks":1,"minecraft:diorite":2,"minecraft:wall_torch":1,"minecraft:wheat":2,"minecraft:birch_leaves":1,"minecraft:grass":63,"minecraft:oak_log":32,"minecraft:coal_ore":51,"minecraft:acacia_fence":1,"minecraft:sand":9,"minecraft:dirt":21,"minecraft:acacia_planks":9,"minecraft:raw_copper_block":1,"born_in_chaos_v1:infernal_evil_pumpkin_s":1,"minecraft:oak_leaves":7,"minecraft:fern":1},"minecraft:dropped":{"minecraft:bread":17,"minecraft:wheat_seeds":10,"minecraft:feather":3,"minecraft:book":1,"minecraft:stick":3,"tombstone:grave_key":2,"grimoireofgaia:taproot":2,"tombstone:grave_dust":1,"tombstone:voodoo_poppet":1,"minecraft:pink_tulip":1,"minecraft:iron_nugget":4,"born_in_chaos_v1:fire_dust":2,"alexsmobs:animal_dictionary":1,"minecraft:acacia_stairs":1,"minecraft:filled_map":1,"minecraft:poppy":1,"minecraft:diamond_pickaxe":1,"minecraft:oak_boat":2,"minecraft:oak_sapling":1,"minecraft:wooden_pickaxe":1,"minecraft:red_tulip":1}},"DataVersion":3465}