{"stats":{"minecraft:used":{"minecraft:stone_sword":72,"minecraft:stone_pickaxe":69,"minecraft:oak_planks":15,"minecraft:wooden_pickaxe":9,"tombstone:lollipop":1,"minecraft:torch":15,"minecraft:oak_log":1,"minecraft:apple":2,"minecraft:birch_sapling":1,"tombstone:grave_key":4,"minecraft:stone_axe":30,"minecraft:cobblestone":31,"minecraft:cooked_porkchop":6,"tombstone:gift":3,"alexsmobs:animal_dictionary":1,"minecraft:egg":2},"minecraft:killed_by":{"grimoireofgaia:deathword":2,"minecraft:skeleton":1,"grimoireofgaia:werecat":1},"minecraft:dropped":{"alexsmobs:animal_dictionary":1,"minecraft:feather":3,"minecraft:poppy":1,"tombstone:grave_key":2,"tombstone:grave_dust":1,"minecraft:red_tulip":1,"minecraft:pink_tulip":1},"minecraft:custom":{"minecraft:interact_with_furnace":3,"minecraft:mob_kills":10,"minecraft:interact_with_crafting_table":6,"minecraft:leave_game":6,"minecraft:time_since_death":14870,"minecraft:time_since_rest":14651,"minecraft:sprint_one_cm":244455,"minecraft:damage_taken":1653,"minecraft:walk_one_cm":120849,"minecraft:drop":10,"tombstone:eaten_lollipop":1,"minecraft:damage_dealt":1510,"minecraft:swim_one_cm":5250,"minecraft:fly_one_cm":175251,"minecraft:open_chest":3,"minecraft:crouch_one_cm":4703,"minecraft:play_time":49830,"tombstone:undead_killed":3,"minecraft:deaths":5,"minecraft:sneak_time":1224,"minecraft:walk_under_water_one_cm":7781,"minecraft:jump":923,"minecraft:walk_on_water_one_cm":1856,"minecraft:total_world_time":49830,"minecraft:fall_one_cm":30795},"minecraft:mined":{"minecraft:grass_block":4,"minecraft:tall_grass":6,"minecraft:cobblestone":6,"minecraft:oak_planks":1,"minecraft:birch_leaves":1,"minecraft:grass":5,"minecraft:red_tulip":1,"minecraft:coal_ore":33,"minecraft:oak_log":32,"minecraft:dirt":6,"minecraft:pink_tulip":1,"minecraft:stone":39,"minecraft:oak_leaves":5},"minecraft:crafted":{"minecraft:oak_planks":124,"minecraft:cooked_porkchop":7,"minecraft:wooden_pickaxe":1,"minecraft:stone_axe":1,"minecraft:air":0,"minecraft:stick":8,"minecraft:stone_pickaxe":1,"minecraft:stone_sword":1,"minecraft:torch":32},"minecraft:picked_up":{"born_in_chaos_v1:corpse_maggot":1,"minecraft:feather":3,"minecraft:chicken":1,"minecraft:oak_log":32,"tombstone:grave_key":1,"minecraft:dirt":12,"minecraft:bone":2,"minecraft:apple":2,"minecraft:wheat_seeds":2,"minecraft:iron_nugget":2,"minecraft:poppy":1,"minecraft:birch_sapling":1,"minecraft:oak_planks":2,"grimoireofgaia:taproot":2,"minecraft:egg":2,"minecraft:book":1,"minecraft:stick":7,"minecraft:torch":1,"born_in_chaos_v1:ethereal_spirit":1,"minecraft:porkchop":6,"tombstone:grave_dust":1,"alexsmobs:animal_dictionary":1,"tombstone:lollipop":1,"minecraft:arrow":2,"minecraft:rotten_flesh":1,"minecraft:red_tulip":1,"minecraft:pink_tulip":1,"minecraft:oak_sapling":2,"minecraft:coal":33,"minecraft:cobblestone":47},"minecraft:killed":{"minecraft:pig":2,"born_in_chaos_v1:restless_spirit":1,"born_in_chaos_v1:maggot":1,"minecraft:skeleton":1,"minecraft:zombie":2,"grimoireofgaia:deathword":1,"minecraft:chicken":1,"grimoireofgaia:mandragora":1}},"DataVersion":3465}